{
    "type": "minecraft:jigsaw",
    "biomes": "#a_triangle:new_dimensions/has_structure/sky_tower",
    "max_distance_from_center": 80,
    "size": 7,
    "spawn_overrides": {},
    "start_height": {
        "type": "minecraft:uniform",
        "min_inclusive": {
            "absolute": -64
        },
        "max_inclusive": {
            "absolute": 180
        }
    },
    "start_pool": "a_triangle:new_dimensions/bridge",
    "step": "surface_structures",
    "terrain_adaptation": "none",
    "use_expansion_hack": false
}