{
    "type": "minecraft:jigsaw",
    "biomes": "#a_triangle:new_dimensions/has_structure/wooden_house",
    "max_distance_from_center": 80,
    "size": 7,
    "spawn_overrides": {
        "monster": {
            "bounding_box": "full",
            "spawns": []
        }
    },
    "start_height": {
        "type": "minecraft:uniform",
        "min_inclusive": {
            "absolute": -60
        },
        "max_inclusive": {
            "absolute": 40
        }
    },
    "start_pool": "a_triangle:new_dimensions/wooden_house",
    "step": "surface_structures",
    "terrain_adaptation": "beard_thin",
    "use_expansion_hack": true
}