{
    "parent": "minecraft:recipes/root",
    "criteria": {
      "requirements": {
        "trigger": "minecraft:inventory_changed",
        "conditions": {
          "items": [
            {
              "items": [
                "minecraft:anvil",
                "minecraft:chipped_anvil",
                "minecraft:damaged_anvil"
              ]
            }
          ]
        }
      }
    },
    "rewards": {
        "recipes": ["a_triangle:new_crafting/anvil_1","a_triangle:new_crafting/anvil_2"]
    }
  }