{
    "parent": "minecraft:recipes/root",
    "criteria": {
      "requirements": {
        "trigger": "minecraft:inventory_changed",
        "conditions": {
          "items": [
            {
              "items": [
                "minecraft:chain"
              ]
            }
          ]
        }
      }
    },
    "rewards": {
        "recipes": ["a_triangle:new_crafting/chain_helmet","a_triangle:new_crafting/chain_chestplate","a_triangle:new_crafting/chain_leggings","a_triangle:new_crafting/chain_boots"]
    }
  }