{
    "parent": "minecraft:recipes/root",
    "criteria": {
      "requirements": {
        "trigger": "minecraft:inventory_changed",
        "conditions": {
          "items": [
            {
              "items": [
                "minecraft:glass_bottle"
              ]
            },
            {
              "items": [
                "minecraft:lapis_lazuli"
              ]
            }
          ]
        }
      }
    },
    "rewards": {
        "recipes": ["a_triangle:new_crafting/exp_bottle"]
    }
  }