{
    "type": "chest",
    "pools": [
      {
        "rolls": {
          "min": 2,
          "max": 4
        },
        "bonus_rolls": {
          "min": 0,
          "max": 2
        },
        "entries": [
          {
            "type": "item",
            "weight": 1,
            "name": "minecraft:glow_squid_spawn_egg",
            "functions": [
              {
                "function": "set_count",
                "count": {
                  "min": 0,
                  "max": 16
                }
              },
              {
                "function": "set_nbt",
                "tag": "{CustomModelData:380000,Enchantments:[{}],EntityTag:{id:\"minecraft:lightning_bolt\"}}"
              },
              {
                "function": "minecraft:set_nbt",
                "tag": "{ctc: {id: 'lightning_charge', from: 'a_triangle:triangle_craft'}}"
              },
              {
                "function": "set_name",
                "name": [
                  {
                    "italic": false,
                      "text": "Lightning Charge",
                    "color": "aqua",
                    "bold": true
                  }
                ]
              },
              {
                "function": "set_lore",
                "lore": [
                  {
                    "italic": false,
                      "text": "Summons lightning from the sky when placed.",
                    "color": "aqua"
                  }
                ]
              }
            ]
          },
          {
            "type": "item",
            "weight": 1,
            "name": "minecraft:iron_nugget",
            "functions": [
              {
                "function": "set_count",
                "count": {
                  "min": 0,
                  "max": 36
                }
              }
            ]
          },
          {
            "type": "item",
            "weight": 1,
            "name": "minecraft:phantom_membrane"
          }
        ]
      },
      {
        "rolls": {
          "min": 0,
          "max": 1
        },
        "entries": [
          {
            "type": "item",
            "weight": 4,
            "quality": 1,
            "name": "minecraft:enchanted_book",
            "functions": [
              {
                "function": "set_count",
                "count": 1
              },
              {
                "function": "set_nbt",
                "tag": "{StoredEnchantments:[{id:\"minecraft:feather_falling\",lvl:1s}]}"
              }
            ]
          },
          {
            "type": "item",
            "weight": 3,
            "quality": 1,
            "name": "minecraft:enchanted_book",
            "functions": [
              {
                "function": "set_count",
                "count": 1
              },
              {
                "function": "set_nbt",
                "tag": "{StoredEnchantments:[{id:\"minecraft:feather_falling\",lvl:2s}]}"
              }
            ]
          },
          {
            "type": "item",
            "weight": 2,
            "quality": 1,
            "name": "minecraft:enchanted_book",
            "functions": [
              {
                "function": "set_count",
                "count": 1
              },
              {
                "function": "set_nbt",
                "tag": "{StoredEnchantments:[{id:\"minecraft:feather_falling\",lvl:3s}]}"
              }
            ]
          },
          {
            "type": "item",
            "weight": 1,
            "quality": 1,
            "name": "minecraft:enchanted_book",
            "functions": [
              {
                "function": "set_count",
                "count": 1
              },
              {
                "function": "set_nbt",
                "tag": "{StoredEnchantments:[{id:\"minecraft:feather_falling\",lvl:4s}]}"
              }
            ]
          },
          {
            "type": "item",
            "weight": 4,
            "quality": 1,
            "name": "minecraft:enchanted_book",
            "functions": [
              {
                "function": "set_count",
                "count": 1
              },
              {
                "function": "set_nbt",
                "tag": "{StoredEnchantments:[{id:\"minecraft:knockback\",lvl:1s}]}"
              }
            ]
          },
          {
            "type": "item",
            "weight": 2,
            "quality": 1,
            "name": "minecraft:enchanted_book",
            "functions": [
              {
                "function": "set_count",
                "count": 1
              },
              {
                "function": "set_nbt",
                "tag": "{StoredEnchantments:[{id:\"minecraft:knockback\",lvl:2s}]}"
              }
            ]
          },
          {
            "type": "item",
            "weight": 4,
            "quality": 1,
            "name": "minecraft:enchanted_book",
            "functions": [
              {
                "function": "set_count",
                "count": 1
              },
              {
                "function": "set_nbt",
                "tag": "{StoredEnchantments:[{id:\"minecraft:punch\",lvl:1s}]}"
              }
            ]
          },
          {
            "type": "item",
            "weight": 1,
            "quality": 4,
            "name": "minecraft:enchanted_book",
            "functions": [
              {
                "function": "set_count",
                "count": 1
              },
              {
                "function": "set_nbt",
                "tag": "{StoredEnchantments:[{id:\"minecraft:punch\",lvl:2s}]}"
              }
            ]
          }
        ]
      },
      {
        "rolls": 1,
        "entries": [{
          "type": "minecraft:loot_table",
          "name": "a_triangle:fishing_crates/weapon_of_the_wind"
        }]
      },
      {
        "rolls": 0,
        "bonus_rolls": 1,
        "entries": [{
          "type": "minecraft:loot_table",
          "name": "a_triangle:fishing_crates/weapon_of_the_wind",
          "conditions": [{
            "condition": "minecraft:random_chance",
            "chance": 0.25
          }]
        }]
      },
      {
        "rolls": {
          "min": 0,
          "max": 1
        },
        "entries": [
          {
            "type": "item",
            "weight": 2,
            "quality": 1,
            "name": "minecraft:potion",
            "functions": [
              {
                "function": "set_count",
                "count": {
                  "min": 1,
                  "max": 3
                }
              },
              {
                "function": "set_nbt",
                "tag": "{Potion:\"minecraft:swiftness\"}"
              }
            ]
          },
          {
            "type": "item",
            "weight": 1,
            "quality": 2,
            "name": "minecraft:potion",
            "functions": [
              {
                "function": "set_count",
                "count": {
                  "min": 1,
                  "max": 3
                }
              },
              {
                "function": "set_nbt",
                "tag": "{Potion:\"minecraft:strong_swiftness\"}"
              }
            ]
          },
          {
            "type": "item",
            "weight": 1,
            "quality": 2,
            "name": "minecraft:potion",
            "functions": [
              {
                "function": "set_count",
                "count": {
                  "min": 1,
                  "max": 3
                }
              },
              {
                "function": "set_nbt",
                "tag": "{Potion:\"minecraft:long_swiftness\"}"
              }
            ]
          },
          {
            "type": "item",
            "weight": 2,
            "quality": 1,
            "name": "minecraft:potion",
            "functions": [
              {
                "function": "set_count",
                "count": {
                  "min": 1,
                  "max": 3
                }
              },
              {
                "function": "set_nbt",
                "tag": "{Potion:\"minecraft:slow_falling\"}"
              }
            ]
          },
          {
            "type": "item",
            "weight": 1,
            "quality": 2,
            "name": "minecraft:potion",
            "functions": [
              {
                "function": "set_count",
                "count": {
                  "min": 1,
                  "max": 3
                }
              },
              {
                "function": "set_nbt",
                "tag": "{Potion:\"minecraft:long_slow_falling\"}"
              }
            ]
          }
        ]
      },
      {
        "rolls": 1,
        "conditions": [{
          "condition": "minecraft:random_chance",
          "chance": 0.1
        }],
        "entries": [
          {
            "type": "item",
            "weight": 1,
            "name": "minecraft:painting",
            "functions": [
              {
                "function": "set_count",
                "count": 1
              },
              {
                "function": "set_nbt",
                "tag": "{EntityTag:{variant:\"minecraft:wind\"}}"
              },
              {
                "function": "set_name",
                "name": [
                  {
                    "italic": false,
                      "text": "Wind",
                    "color": "aqua",
                    "bold": true
                  }
                ]
              }
            ]
          }
        ]
      }]}