{
    "pools": [
{
    "rolls": 1,
    "entries": [
      {
        "type": "item",
        "weight": 1,
        "name": "minecraft:leather_helmet",
        "functions": [
          {
            "function": "set_count",
            "count": 1
          },
          {
            "function": "set_nbt",
            "tag": "{Unbreakable:1b,display:{color:16744448},CustomModelData:380000,HideFlags:64,AttributeModifiers:[{AttributeName:\"generic.attack_speed\",Name:\"generic.attack_speed\",Amount:0.4,Operation:0,UUID:[I;-1332781549,1148865071,-2101057194,-1442591480],Slot:\"head\"},{AttributeName:\"generic.armor\",Name:\"generic.armor\",Amount:2,Operation:0,UUID:[I;-216216534,1461798735,-1812768780,-1401404921],Slot:\"head\"}]}"
          },
          {
            "function": "minecraft:set_nbt",
            "tag": "{ctc: {id: 'amber_helmet', from: 'a_triangle:triangle_craft'}, traits: {'armor': 1b, 'gem/amber': 1b}}"
          },
          {
            "function": "set_damage",
            "damage": 1
          },
          {
            "function": "set_name",
            "name": [
              {
                "italic": false,
                    "text": "Amber Helmet",
                "color": "#FF8000",
                "bold": true
              }
            ]
          },
          {
            "function": "set_lore",
            "lore": [
              {
                "italic": false,
                    "text": "Increases your melee speed by 0.4.",
                "color": "#FF8000"
              }
            ]
          },
          {
            "function": "minecraft:enchant_randomly"
          }
        ]
      },
      {
        "type": "item",
        "weight": 1,
        "name": "minecraft:leather_chestplate",
        "functions": [
          {
            "function": "set_count",
            "count": 1
          },
          {
            "function": "set_nbt",
            "tag": "{Unbreakable:1b,display:{color:16744448},CustomModelData:380000,HideFlags:64,AttributeModifiers:[{AttributeName:\"generic.attack_speed\",Name:\"generic.attack_speed\",Amount:0.4,Operation:0,UUID:[I;-1332781549,1148865071,-2101057194,-1442591480],Slot:\"chest\"},{AttributeName:\"generic.armor\",Name:\"generic.armor\",Amount:5,Operation:0,UUID:[I;-216216534,1461798735,-1812768780,-1401404921],Slot:\"chest\"}]}"
          },
          {
            "function": "minecraft:set_nbt",
            "tag": "{ctc: {id: 'amber_chestplate', from: 'a_triangle:triangle_craft'}, traits: {'armor': 1b, 'gem/amber': 1b}}"
          },
          {
            "function": "set_damage",
            "damage": 1
          },
          {
            "function": "set_name",
            "name": [
              {
                "italic": false,
                    "text": "Amber Chestplate",
                "color": "#FF8000",
                "bold": true
              }
            ]
          },
          {
            "function": "set_lore",
            "lore": [
              {
                "italic": false,
                    "text": "Increases your melee speed by 0.4.",
                "color": "#FF8000"
              }
            ]
          },
          {
            "function": "minecraft:enchant_randomly"
          }
        ]
      },
      {
        "type": "item",
        "weight": 1,
        "name": "minecraft:leather_leggings",
        "functions": [
          {
            "function": "set_count",
            "count": 1
          },
          {
            "function": "set_nbt",
            "tag": "{Unbreakable:1b,display:{color:16744448},CustomModelData:380000,HideFlags:64,AttributeModifiers:[{AttributeName:\"generic.attack_speed\",Name:\"generic.attack_speed\",Amount:0.4,Operation:0,UUID:[I;799362296,38554754,-1483164250,-1763251966],Slot:\"legs\"},{AttributeName:\"generic.armor\",Name:\"generic.armor\",Amount:4,Operation:0,UUID:[I;-2127101127,531582199,-1897936223,-565917603],Slot:\"legs\"}]}"
          },
          {
            "function": "minecraft:set_nbt",
            "tag": "{ctc: {id: 'amber_leggings', from: 'a_triangle:triangle_craft'}, traits: {'armor': 1b, 'gem/amber': 1b}}"
          },
          {
            "function": "set_damage",
            "damage": 1
          },
          {
            "function": "set_name",
            "name": [
              {
                "italic": false,
                    "text": "Amber Leggings",
                "color": "#FF8000",
                "bold": true
              }
            ]
          },
          {
            "function": "set_lore",
            "lore": [
              {
                "italic": false,
                    "text": "Increases your melee speed by 0.4.",
                "color": "#FF8000"
              }
            ]
          },
          {
            "function": "minecraft:enchant_randomly"
          }
        ]
      },
      {
        "type": "item",
        "weight": 1,
        "name": "minecraft:leather_boots",
        "functions": [
          {
            "function": "set_count",
            "count": 1
          },
          {
            "function": "set_nbt",
            "tag": "{Unbreakable:1b,display:{color:16744448},CustomModelData:380000,HideFlags:64,AttributeModifiers:[{AttributeName:\"generic.attack_speed\",Name:\"generic.attack_speed\",Amount:0.4,Operation:0,UUID:[I;1662796954,-1552268794,-1425010114,-2130388378],Slot:\"feet\"},{AttributeName:\"generic.armor\",Name:\"generic.armor\",Amount:1,Operation:0,UUID:[I;-304672820,-691254296,-1101474408,-99829304],Slot:\"feet\"}]}"
          },
          {
            "function": "minecraft:set_nbt",
            "tag": "{ctc: {id: 'amber_boots', from: 'a_triangle:triangle_craft'}, traits: {'armor': 1b, 'gem/amber': 1b}}"
          },
          {
            "function": "set_damage",
            "damage": 1
          },
          {
            "function": "set_name",
            "name": [
              {
                "italic": false,
                    "text": "Amber Boots",
                "color": "#FF8000",
                "bold": true
              }
            ]
          },
          {
            "function": "set_lore",
            "lore": [
              {
                "italic": false,
                    "text": "Increases your melee speed by 0.4.",
                "color": "#FF8000"
              }
            ]
          },
          {
            "function": "minecraft:enchant_randomly"
          }
        ]
      },
      {
        "type": "item",
        "weight": 1,
        "name": "minecraft:shield",
        "functions": [
          {
            "function": "set_count",
            "count": 1
          },
          {
            "function": "set_nbt",
            "tag": "{Unbreakable:1b,AttributeModifiers:[{AttributeName:\"generic.attack_speed\",Name:\"generic.attack_speed\",Amount:0.4,Operation:0,UUID:[I;-61214757,804539351,-1906906750,-833808788],Slot:\"offhand\"}],BlockEntityTag:{Base:1}}"
          },
          {
            "function": "minecraft:set_nbt",
            "tag": "{ctc: {id: 'amber_shield', from: 'a_triangle:triangle_craft'}, traits: {'armor': 1b, 'gem/amber': 1b}}"
          },
          {
            "function": "set_damage",
            "damage": 1
          },
          {
            "function": "set_name",
            "name": [
              {
                "italic": false,
                    "text": "Amber Shield",
                "color": "#FF8000",
                "bold": true
              }
            ]
          },
          {
            "function": "set_lore",
            "lore": [
              {
                "italic": false,
                    "text": "Increases your melee speed by 0.4.",
                "color": "#FF8000"
              }
            ]
          },
          {
            "function": "minecraft:enchant_randomly"
          }
        ]
      },
      {
        "type": "minecraft:item",
        "weight": 3,
        "name": "minecraft:potion",
        "functions": [
          {
            "function": "set_nbt",
            "tag": "{display:{Name:'{\"italic\":false,\"text\":\"Amber Potion\",\"color\":\"#FF8000\",\"bold\":true}',Lore:['{\"italic\":false,\"text\":\"Increases your melee speed by 0.8 for 3 minutes.\",\"color\":\"#FF8000\"}']},HideFlags:32,a_triangle.amber_potion:1b,Potion:\"minecraft:empty\",CustomPotionColor:16744448}"
          },
          {
            "function": "minecraft:set_nbt",
            "tag": "{ctc: {id: 'amber_potion', from: 'a_triangle:triangle_craft'}, traits: {'food': 1b, 'gem/amber': 1b}}"
          }
        ]
      },
      {
          "type": "item",
          "name": "minecraft:warped_fungus_on_a_stick",
          "functions": [
              {
                  "function": "set_nbt",
                  "tag": "{display:{Name:'{\"text\":\"Amber Staff\",\"color\":\"#FF8000\",\"bold\":true,\"italic\":false}',Lore:['{\"text\":\"Right click to remove the attack cooldown. This drains your mana until you run out or right click again.\",\"color\":\"#FF8000\",\"italic\":false}']},CustomModelData:380014,a_triangle.combat_staff:1b}"
              },
              {
                "function": "minecraft:set_nbt",
                "tag": "{ctc: {id: 'amber_staff', from: 'a_triangle:triangle_craft'}, traits: {'gem/amber': 1b}}"
              }
          ],
          "weight": 1,
          "quality": 1
      }
    ]
  }
]
}