{
    "type": "minecraft:command",
    "pools": [
      {
        "rolls": 1,
        "entries": [
          {
            "type": "item",
            "name": "minecraft:warped_fungus_on_a_stick",
            "conditions": [
                {
                    "condition": "minecraft:location_check",
                    "predicate": {
                        "biome": "minecraft:swamp"
                    }
                }
            ],
            "functions": [
              {
                "function": "set_count",
                "count": 1
              },
              {
                "function": "set_nbt",
                "tag": "{a_triangle.swamp_crate:1b,CustomModelData:380042}"
              },
              {
                "function": "minecraft:set_nbt",
                "tag": "{ctc: {id: 'swamp_crate', from: 'a_triangle:triangle_craft'}}"
              },
              {
                "function": "set_name",
                "name": [
                  {
                    "italic": false,
                      "text": "Swamp Crate",
                    "color": "dark_green",
                    "bold": true
                  }
                ]
              }
            ]
          },          {
            "type": "item",
            "name": "minecraft:warped_fungus_on_a_stick",
            "conditions": [
                {
                    "condition": "minecraft:location_check",
                    "predicate": {
                        "biome": "minecraft:mangrove_swamp"
                    }
                }
            ],
            "functions": [
              {
                "function": "set_count",
                "count": 1
              },
              {
                "function": "set_nbt",
                "tag": "{a_triangle.swamp_crate:1b,CustomModelData:380042}"
              },
              {
                "function": "minecraft:set_nbt",
                "tag": "{ctc: {id: 'swamp_crate', from: 'a_triangle:triangle_craft'}}"
              },
              {
                "function": "set_name",
                "name": [
                  {
                    "italic": false,
                      "text": "Swamp Crate",
                    "color": "dark_green",
                    "bold": true
                  }
                ]
              }
            ]
          },          {
            "type": "item",
            "name": "minecraft:warped_fungus_on_a_stick",
            "conditions": [
                {
                    "condition": "minecraft:location_check",
                    "predicate": {
                        "biome": "a_triangle:new_dimensions/giant_swamp"
                    }
                }
            ],
            "functions": [
              {
                "function": "set_count",
                "count": 1
              },
              {
                "function": "set_nbt",
                "tag": "{a_triangle.swamp_crate:1b,CustomModelData:380042}"
              },
              {
                "function": "minecraft:set_nbt",
                "tag": "{ctc: {id: 'swamp_crate', from: 'a_triangle:triangle_craft'}}"
              },
              {
                "function": "set_name",
                "name": [
                  {
                    "italic": false,
                      "text": "Swamp Crate",
                    "color": "dark_green",
                    "bold": true
                  }
                ]
              }
            ]
          },
          {
            "type": "item",
            "name": "minecraft:warped_fungus_on_a_stick",
            "conditions": [
                {
                    "condition": "minecraft:location_check",
                    "predicate": {
                        "biome": "minecraft:desert"
                    }
                }
            ],
            "functions": [
              {
                "function": "set_count",
                "count": 1
              },
              {
                "function": "set_nbt",
                "tag": "{a_triangle.desert_crate:1b,CustomModelData:380032}"
              },
              {
                "function": "minecraft:set_nbt",
                "tag": "{ctc: {id: 'desert_crate', from: 'a_triangle:triangle_craft'}}"
              },
              {
                "function": "set_name",
                "name": [
                  {
                    "italic": false,
                      "text": "Desert Crate",
                    "color": "#FF8000",
                    "bold": true
                  }
                ]
              }
            ]
          },
          {
            "type": "item",
            "name": "minecraft:warped_fungus_on_a_stick",
            "conditions": [
                {
                    "condition": "minecraft:location_check",
                    "predicate": {
                        "dimension": "minecraft:the_end"
                    }},
                    {
                        "condition": "minecraft:random_chance",
                        "chance": 0.5
                    }],
            "functions": [
              {
                "function": "set_count",
                "count": 1
              },
              {
                "function": "set_nbt",
                "tag": "{a_triangle.end_crate:1b,CustomModelData:380033}"
              },
              {
                "function": "minecraft:set_nbt",
                "tag": "{ctc: {id: 'end_crate', from: 'a_triangle:triangle_craft'}}"
              },
              {
                "function": "set_name",
                "name": [
                  {
                    "italic": false,
                      "text": "End Crate",
                    "color": "dark_purple",
                    "bold": true
                  }
                ]
              }
            ]
          },
          {
            "type": "item",
            "name": "minecraft:warped_fungus_on_a_stick",
            "conditions": [
                {
                    "condition": "minecraft:location_check",
                    "predicate": {
                        "position": {
                            "y": {
                                "min": 150,
                                "max": 199
                            }
                        }
                    }
                }
            ],
            "functions": [
              {
                "function": "set_count",
                "count": 1
              },
              {
                "function": "set_nbt",
                "tag": "{a_triangle.sky_crate:1b,CustomModelData:380031}"
              },
              {
                "function": "minecraft:set_nbt",
                "tag": "{ctc: {id: 'sky_crate', from: 'a_triangle:triangle_craft'}}"
              },
              {
                "function": "set_name",
                "name": [
                  {
                    "italic": false,
                      "text": "Sky Crate",
                    "color": "white",
                    "bold": true
                  }
                ]
              }
            ]
          },
          {
            "type": "item",
            "name": "minecraft:warped_fungus_on_a_stick",
            "conditions": [
                {
                    "condition": "minecraft:location_check",
                    "predicate": {
                        "position": {
                            "y": {
                                "max": 40
                            }
                        }
                    }
                }
            ],
            "functions": [
              {
                "function": "set_count",
                "count": 1
              },
              {
                "function": "set_nbt",
                "tag": "{a_triangle.underground_crate:1b,CustomModelData:380041}"
              },
              {
                "function": "minecraft:set_nbt",
                "tag": "{ctc: {id: 'underground_crate', from: 'a_triangle:triangle_craft'}}"
              },
              {
                "function": "set_name",
                "name": [
                  {
                    "italic": false,
                      "text": "Underground Crate",
                    "color": "dark_gray",
                    "bold": true
                  }
                ]
              }
            ]
          },
          {
            "type": "item",
            "name": "minecraft:warped_fungus_on_a_stick",
            "conditions": [
                {
                    "condition": "minecraft:location_check",
                    "predicate": {
                        "biome": "minecraft:ocean"
                    }
                }
            ],
            "functions": [
              {
                "function": "set_count",
                "count": 1
              },
              {
                "function": "set_nbt",
                "tag": "{a_triangle.ocean_crate:1b,CustomModelData:380043}"
              },
              {
                "function": "minecraft:set_nbt",
                "tag": "{ctc: {id: 'ocean_crate', from: 'a_triangle:triangle_craft'}}"
              },
              {
                "function": "set_name",
                "name": [
                  {
                    "italic": false,
                      "text": "Ocean Crate",
                    "color": "dark_aqua",
                    "bold": true
                  }
                ]
              }
            ]
          },
          {
            "type": "item",
            "name": "minecraft:warped_fungus_on_a_stick",
            "conditions": [
                {
                    "condition": "minecraft:location_check",
                    "predicate": {
                        "biome": "minecraft:deep_ocean"
                    }
                }
            ],
            "functions": [
              {
                "function": "set_count",
                "count": 1
              },
              {
                "function": "set_nbt",
                "tag": "{a_triangle.ocean_crate:1b,CustomModelData:380043}"
              },
              {
                "function": "minecraft:set_nbt",
                "tag": "{ctc: {id: 'ocean_crate', from: 'a_triangle:triangle_craft'}}"
              },
              {
                "function": "set_name",
                "name": [
                  {
                    "italic": false,
                      "text": "Ocean Crate",
                    "color": "dark_aqua",
                    "bold": true
                  }
                ]
              }
            ]
          },
          {
            "type": "item",
            "name": "minecraft:warped_fungus_on_a_stick",
            "conditions": [
                {
                    "condition": "minecraft:location_check",
                    "predicate": {
                        "biome": "minecraft:frozen_ocean"
                    }
                }
            ],
            "functions": [
              {
                "function": "set_count",
                "count": 1
              },
              {
                "function": "set_nbt",
                "tag": "{a_triangle.ocean_crate:1b,CustomModelData:380043}"
              },
              {
                "function": "minecraft:set_nbt",
                "tag": "{ctc: {id: 'ocean_crate', from: 'a_triangle:triangle_craft'}}"
              },
              {
                "function": "set_name",
                "name": [
                  {
                    "italic": false,
                      "text": "Ocean Crate",
                    "color": "dark_aqua",
                    "bold": true
                  }
                ]
              }
            ]
          },
          {
            "type": "item",
            "name": "minecraft:warped_fungus_on_a_stick",
            "conditions": [
                {
                    "condition": "minecraft:location_check",
                    "predicate": {
                        "biome": "minecraft:deep_frozen_ocean"
                    }
                }
            ],
            "functions": [
              {
                "function": "set_count",
                "count": 1
              },
              {
                "function": "set_nbt",
                "tag": "{a_triangle.ocean_crate:1b,CustomModelData:380043}"
              },
              {
                "function": "minecraft:set_nbt",
                "tag": "{ctc: {id: 'ocean_crate', from: 'a_triangle:triangle_craft'}}"
              },
              {
                "function": "set_name",
                "name": [
                  {
                    "italic": false,
                      "text": "Ocean Crate",
                    "color": "dark_aqua",
                    "bold": true
                  }
                ]
              }
            ]
          },
          {
            "type": "item",
            "name": "minecraft:warped_fungus_on_a_stick",
            "conditions": [
                {
                    "condition": "minecraft:location_check",
                    "predicate": {
                        "biome": "minecraft:cold_ocean"
                    }
                }
            ],
            "functions": [
              {
                "function": "set_count",
                "count": 1
              },
              {
                "function": "set_nbt",
                "tag": "{a_triangle.ocean_crate:1b,CustomModelData:380043}"
              },
              {
                "function": "minecraft:set_nbt",
                "tag": "{ctc: {id: 'ocean_crate', from: 'a_triangle:triangle_craft'}}"
              },
              {
                "function": "set_name",
                "name": [
                  {
                    "italic": false,
                      "text": "Ocean Crate",
                    "color": "dark_aqua",
                    "bold": true
                  }
                ]
              }
            ]
          },
          {
            "type": "item",
            "name": "minecraft:warped_fungus_on_a_stick",
            "conditions": [
                {
                    "condition": "minecraft:location_check",
                    "predicate": {
                        "biome": "minecraft:deep_cold_ocean"
                    }
                }
            ],
            "functions": [
              {
                "function": "set_count",
                "count": 1
              },
              {
                "function": "set_nbt",
                "tag": "{a_triangle.ocean_crate:1b,CustomModelData:380043}"
              },
              {
                "function": "minecraft:set_nbt",
                "tag": "{ctc: {id: 'ocean_crate', from: 'a_triangle:triangle_craft'}}"
              },
              {
                "function": "set_name",
                "name": [
                  {
                    "italic": false,
                      "text": "Ocean Crate",
                    "color": "dark_aqua",
                    "bold": true
                  }
                ]
              }
            ]
          },
          {
            "type": "item",
            "name": "minecraft:warped_fungus_on_a_stick",
            "conditions": [
                {
                    "condition": "minecraft:location_check",
                    "predicate": {
                        "biome": "minecraft:lukewarm_ocean"
                    }
                }
            ],
            "functions": [
              {
                "function": "set_count",
                "count": 1
              },
              {
                "function": "set_nbt",
                "tag": "{a_triangle.ocean_crate:1b,CustomModelData:380043}"
              },
              {
                "function": "minecraft:set_nbt",
                "tag": "{ctc: {id: 'ocean_crate', from: 'a_triangle:triangle_craft'}}"
              },
              {
                "function": "set_name",
                "name": [
                  {
                    "italic": false,
                      "text": "Ocean Crate",
                    "color": "dark_aqua",
                    "bold": true
                  }
                ]
              }
            ]
          },
          {
            "type": "item",
            "name": "minecraft:warped_fungus_on_a_stick",
            "conditions": [
                {
                    "condition": "minecraft:location_check",
                    "predicate": {
                        "biome": "minecraft:deep_lukewarm_ocean"
                    }
                }
            ],
            "functions": [
              {
                "function": "set_count",
                "count": 1
              },
              {
                "function": "set_nbt",
                "tag": "{a_triangle.ocean_crate:1b,CustomModelData:380043}"
              },
              {
                "function": "minecraft:set_nbt",
                "tag": "{ctc: {id: 'ocean_crate', from: 'a_triangle:triangle_craft'}}"
              },
              {
                "function": "set_name",
                "name": [
                  {
                    "italic": false,
                      "text": "Ocean Crate",
                    "color": "dark_aqua",
                    "bold": true
                  }
                ]
              }
            ]
          },
          {
            "type": "item",
            "name": "minecraft:warped_fungus_on_a_stick",
            "conditions": [
                {
                    "condition": "minecraft:location_check",
                    "predicate": {
                        "biome": "minecraft:warm_ocean"
                    }
                }
            ],
            "functions": [
              {
                "function": "set_count",
                "count": 1
              },
              {
                "function": "set_nbt",
                "tag": "{a_triangle.ocean_crate:1b,CustomModelData:380043}"
              },
              {
                "function": "minecraft:set_nbt",
                "tag": "{ctc: {id: 'ocean_crate', from: 'a_triangle:triangle_craft'}}"
              },
              {
                "function": "set_name",
                "name": [
                  {
                    "italic": false,
                      "text": "Ocean Crate",
                    "color": "dark_aqua",
                    "bold": true
                  }
                ]
              }
            ]
          },
          {
            "type": "item",
            "name": "minecraft:warped_fungus_on_a_stick",
            "conditions": [
                {
                    "condition": "minecraft:location_check",
                    "predicate": {
                        "biome": "a_triangle:new_dimensions/chasm"
                    }
                }
            ],
            "functions": [
              {
                "function": "set_count",
                "count": 1
              },
              {
                "function": "set_nbt",
                "tag": "{a_triangle.ocean_crate:1b,CustomModelData:380043}"
              },
              {
                "function": "minecraft:set_nbt",
                "tag": "{ctc: {id: 'ocean_crate', from: 'a_triangle:triangle_craft'}}"
              },
              {
                "function": "set_name",
                "name": [
                  {
                    "italic": false,
                      "text": "Ocean Crate",
                    "color": "dark_aqua",
                    "bold": true
                  }
                ]
              }
            ]
          },
          {
            "type": "item",
            "name": "minecraft:warped_fungus_on_a_stick",
            "conditions": [
                {
                    "condition": "minecraft:location_check",
                    "predicate": {
                        "biome": "minecraft:ice_spikes"
                    }
                }
            ],
            "functions": [
              {
                "function": "set_count",
                "count": 1
              },
              {
                "function": "set_nbt",
                "tag": "{a_triangle.snow_crate:1b,CustomModelData:380036}"
              },
              {
                "function": "minecraft:set_nbt",
                "tag": "{ctc: {id: 'snow_crate', from: 'a_triangle:triangle_craft'}}"
              },
              {
                "function": "set_name",
                "name": [
                  {
                    "italic": false,
                      "text": "Snow Crate",
                    "color": "aqua",
                    "bold": true
                  }
                ]
              }
            ]
          },
          {
            "type": "item",
            "name": "minecraft:warped_fungus_on_a_stick",
            "conditions": [
                {
                    "condition": "minecraft:location_check",
                    "predicate": {
                        "biome": "a_triangle:new_dimensions/barren_plains"
                    }
                }
            ],
            "functions": [
              {
                "function": "set_count",
                "count": 1
              },
              {
                "function": "set_nbt",
                "tag": "{a_triangle.snow_crate:1b,CustomModelData:380036}"
              },
              {
                "function": "minecraft:set_nbt",
                "tag": "{ctc: {id: 'snow_crate', from: 'a_triangle:triangle_craft'}}"
              },
              {
                "function": "set_name",
                "name": [
                  {
                    "italic": false,
                      "text": "Snow Crate",
                    "color": "aqua",
                    "bold": true
                  }
                ]
              }
            ]
          },
          {
            "type": "item",
            "name": "minecraft:warped_fungus_on_a_stick",
            "conditions": [
                {
                    "condition": "minecraft:location_check",
                    "predicate": {
                        "biome": "minecraft:cold_ocean"
                    }
                }
            ],
            "functions": [
              {
                "function": "set_count",
                "count": 1
              },
              {
                "function": "set_nbt",
                "tag": "{a_triangle.snow_crate:1b,CustomModelData:380036}"
              },
              {
                "function": "minecraft:set_nbt",
                "tag": "{ctc: {id: 'snow_crate', from: 'a_triangle:triangle_craft'}}"
              },
              {
                "function": "set_name",
                "name": [
                  {
                    "italic": false,
                      "text": "Snow Crate",
                    "color": "aqua",
                    "bold": true
                  }
                ]
              }
            ]
          },
          {
            "type": "item",
            "name": "minecraft:warped_fungus_on_a_stick",
            "conditions": [
                {
                    "condition": "minecraft:location_check",
                    "predicate": {
                        "biome": "minecraft:deep_cold_ocean"
                    }
                }
            ],
            "functions": [
              {
                "function": "set_count",
                "count": 1
              },
              {
                "function": "set_nbt",
                "tag": "{a_triangle.snow_crate:1b,CustomModelData:380036}"
              },
              {
                "function": "minecraft:set_nbt",
                "tag": "{ctc: {id: 'snow_crate', from: 'a_triangle:triangle_craft'}}"
              },
              {
                "function": "set_name",
                "name": [
                  {
                    "italic": false,
                      "text": "Snow Crate",
                    "color": "aqua",
                    "bold": true
                  }
                ]
              }
            ]
          },
          {
            "type": "item",
            "name": "minecraft:warped_fungus_on_a_stick",
            "conditions": [
                {
                    "condition": "minecraft:location_check",
                    "predicate": {
                        "biome": "minecraft:frozen_ocean"
                    }
                }
            ],
            "functions": [
              {
                "function": "set_count",
                "count": 1
              },
              {
                "function": "set_nbt",
                "tag": "{a_triangle.snow_crate:1b,CustomModelData:380036}"
              },
              {
                "function": "minecraft:set_nbt",
                "tag": "{ctc: {id: 'snow_crate', from: 'a_triangle:triangle_craft'}}"
              },
              {
                "function": "set_name",
                "name": [
                  {
                    "italic": false,
                      "text": "Snow Crate",
                    "color": "aqua",
                    "bold": true
                  }
                ]
              }
            ]
          },
          {
            "type": "item",
            "name": "minecraft:warped_fungus_on_a_stick",
            "conditions": [
                {
                    "condition": "minecraft:location_check",
                    "predicate": {
                        "biome": "minecraft:deep_frozen_ocean"
                    }
                }
            ],
            "functions": [
              {
                "function": "set_count",
                "count": 1
              },
              {
                "function": "set_nbt",
                "tag": "{a_triangle.snow_crate:1b,CustomModelData:380036}"
              },
              {
                "function": "minecraft:set_nbt",
                "tag": "{ctc: {id: 'snow_crate', from: 'a_triangle:triangle_craft'}}"
              },
              {
                "function": "set_name",
                "name": [
                  {
                    "italic": false,
                      "text": "Snow Crate",
                    "color": "aqua",
                    "bold": true
                  }
                ]
              }
            ]
          },
          {
            "type": "item",
            "name": "minecraft:warped_fungus_on_a_stick",
            "conditions": [
                {
                    "condition": "minecraft:location_check",
                    "predicate": {
                        "biome": "minecraft:snowy_beach"
                    }
                }
            ],
            "functions": [
              {
                "function": "set_count",
                "count": 1
              },
              {
                "function": "set_nbt",
                "tag": "{a_triangle.snow_crate:1b,CustomModelData:380036}"
              },
              {
                "function": "minecraft:set_nbt",
                "tag": "{ctc: {id: 'snow_crate', from: 'a_triangle:triangle_craft'}}"
              },
              {
                "function": "set_name",
                "name": [
                  {
                    "italic": false,
                      "text": "Snow Crate",
                    "color": "aqua",
                    "bold": true
                  }
                ]
              }
            ]
          },
          {
            "type": "item",
            "name": "minecraft:warped_fungus_on_a_stick",
            "conditions": [
                {
                    "condition": "minecraft:location_check",
                    "predicate": {
                        "biome": "minecraft:snowy_taiga"
                    }
                }
            ],
            "functions": [
              {
                "function": "set_count",
                "count": 1
              },
              {
                "function": "set_nbt",
                "tag": "{a_triangle.snow_crate:1b,CustomModelData:380036}"
              },
              {
                "function": "minecraft:set_nbt",
                "tag": "{ctc: {id: 'snow_crate', from: 'a_triangle:triangle_craft'}}"
              },
              {
                "function": "set_name",
                "name": [
                  {
                    "italic": false,
                      "text": "Snow Crate",
                    "color": "aqua",
                    "bold": true
                  }
                ]
              }
            ]
          },
          {
            "type": "item",
            "name": "minecraft:warped_fungus_on_a_stick",
            "conditions": [
                {
                    "condition": "minecraft:location_check",
                    "predicate": {
                        "biome": "minecraft:snowy_plains"
                    }
                }
            ],
            "functions": [
              {
                "function": "set_count",
                "count": 1
              },
              {
                "function": "set_nbt",
                "tag": "{a_triangle.snow_crate:1b,CustomModelData:380036}"
              },
              {
                "function": "minecraft:set_nbt",
                "tag": "{ctc: {id: 'snow_crate', from: 'a_triangle:triangle_craft'}}"
              },
              {
                "function": "set_name",
                "name": [
                  {
                    "italic": false,
                      "text": "Snow Crate",
                    "color": "aqua",
                    "bold": true
                  }
                ]
              }
            ]
          },
          {
            "type": "item",
            "name": "minecraft:warped_fungus_on_a_stick",
            "conditions": [
                {
                    "condition": "minecraft:location_check",
                    "predicate": {
                        "biome": "minecraft:snowy_slopes"
                    }
                }
            ],
            "functions": [
              {
                "function": "set_count",
                "count": 1
              },
              {
                "function": "set_nbt",
                "tag": "{a_triangle.snow_crate:1b,CustomModelData:380036}"
              },
              {
                "function": "minecraft:set_nbt",
                "tag": "{ctc: {id: 'snow_crate', from: 'a_triangle:triangle_craft'}}"
              },
              {
                "function": "set_name",
                "name": [
                  {
                    "italic": false,
                      "text": "Snow Crate",
                    "color": "aqua",
                    "bold": true
                  }
                ]
              }
            ]
          },
          {
            "type": "item",
            "name": "minecraft:warped_fungus_on_a_stick",
            "conditions": [
                {
                    "condition": "minecraft:location_check",
                    "predicate": {
                        "biome": "minecraft:grove"
                    }
                }
            ],
            "functions": [
              {
                "function": "set_count",
                "count": 1
              },
              {
                "function": "set_nbt",
                "tag": "{a_triangle.snow_crate:1b,CustomModelData:380036}"
              },
              {
                "function": "minecraft:set_nbt",
                "tag": "{ctc: {id: 'snow_crate', from: 'a_triangle:triangle_craft'}}"
              },
              {
                "function": "set_name",
                "name": [
                  {
                    "italic": false,
                      "text": "Snow Crate",
                    "color": "aqua",
                    "bold": true
                  }
                ]
              }
            ]
          },
          {
            "type": "item",
            "name": "minecraft:warped_fungus_on_a_stick",
            "conditions": [
                {
                    "condition": "minecraft:location_check",
                    "predicate": {
                        "position": {
                            "y": {
                                "min": 200
                            }
                        }
                    }
                }
            ],
            "functions": [
              {
                "function": "set_count",
                "count": 1
              },
              {
                "function": "set_nbt",
                "tag": "{a_triangle.galaxy_crate:1b,CustomModelData:380035}"
              },
              {
                "function": "minecraft:set_nbt",
                "tag": "{ctc: {id: 'galaxy_crate', from: 'a_triangle:triangle_craft'}}"
              },
              {
                "function": "set_name",
                "name": [
                  {
                    "italic": false,
                      "text": "Galaxy Crate",
                    "color": "dark_purple",
                    "bold": true
                  }
                ]
              }
            ]
          },
          {
            "type": "item",
            "name": "minecraft:warped_fungus_on_a_stick",
            "functions": [
              {
                "function": "set_count",
                "count": 1
              },
              {
                "function": "set_nbt",
                "tag": "{display:{Name:'{\"italic\":false,\"text\":\"Deep Dark Crate\",\"color\":\"#052A32\",\"bold\":true}'},sculk_crate:1b,CustomModelData:380039}"
              },
              {
                "function": "minecraft:set_nbt",
                "tag": "{ctc: {id: 'deep_dark_crate', from: 'a_triangle:triangle_craft'}}"
              }
            ],
            "conditions": [
              {
                "condition": "minecraft:location_check",
                "predicate": {
                  "biome": "minecraft:deep_dark"
                }
              }
            ]
          },
          {
            "type": "item",
            "name": "minecraft:warped_fungus_on_a_stick",
            "functions": [
              {
                "function": "set_count",
                "count": 1
              },
              {
                "function": "set_nbt",
                "tag": "{display:{Name:'{\"italic\":false,\"text\":\"Forest Crate\",\"color\":\"dark_green\",\"bold\":true}'},a_triangle.forest_crate:1b,CustomModelData:380044}"
              },
              {
                "function": "minecraft:set_nbt",
                "tag": "{ctc: {id: 'forest_crate', from: 'a_triangle:triangle_craft'}}"
              }
            ],
            "conditions": [
              {
                "condition": "minecraft:location_check",
                "predicate": {
                  "biome": "minecraft:forest"
                }
              }
            ]
          },
          {
            "type": "item",
            "name": "minecraft:warped_fungus_on_a_stick",
            "functions": [
              {
                "function": "set_count",
                "count": 1
              },
              {
                "function": "set_nbt",
                "tag": "{display:{Name:'{\"italic\":false,\"text\":\"Forest Crate\",\"color\":\"dark_green\",\"bold\":true}'},a_triangle.forest_crate:1b,CustomModelData:380044}"
              },
              {
                "function": "minecraft:set_nbt",
                "tag": "{ctc: {id: 'forest_crate', from: 'a_triangle:triangle_craft'}}"
              }
            ],
            "conditions": [
              {
                "condition": "minecraft:location_check",
                "predicate": {
                  "biome": "minecraft:dark_forest"
                }
              }
            ]
          },
          {
            "type": "item",
            "name": "minecraft:warped_fungus_on_a_stick",
            "functions": [
              {
                "function": "set_count",
                "count": 1
              },
              {
                "function": "set_nbt",
                "tag": "{display:{Name:'{\"italic\":false,\"text\":\"Forest Crate\",\"color\":\"dark_green\",\"bold\":true}'},a_triangle.forest_crate:1b,CustomModelData:380044}"
              },
              {
                "function": "minecraft:set_nbt",
                "tag": "{ctc: {id: 'forest_crate', from: 'a_triangle:triangle_craft'}}"
              }
            ],
            "conditions": [
              {
                "condition": "minecraft:location_check",
                "predicate": {
                  "biome": "minecraft:birch_forest"
                }
              }
            ]
          },
          {
            "type": "item",
            "name": "minecraft:warped_fungus_on_a_stick",
            "functions": [
              {
                "function": "set_count",
                "count": 1
              },
              {
                "function": "set_nbt",
                "tag": "{display:{Name:'{\"italic\":false,\"text\":\"Forest Crate\",\"color\":\"dark_green\",\"bold\":true}'},a_triangle.forest_crate:1b,CustomModelData:380044}"
              },
              {
                "function": "minecraft:set_nbt",
                "tag": "{ctc: {id: 'forest_crate', from: 'a_triangle:triangle_craft'}}"
              }
            ],
            "conditions": [
              {
                "condition": "minecraft:location_check",
                "predicate": {
                  "biome": "minecraft:flower_forest"
                }
              }
            ]
          },
          {
            "type": "item",
            "name": "minecraft:warped_fungus_on_a_stick",
            "functions": [
              {
                "function": "set_count",
                "count": 1
              },
              {
                "function": "set_nbt",
                "tag": "{display:{Name:'{\"italic\":false,\"text\":\"Forest Crate\",\"color\":\"dark_green\",\"bold\":true}'},a_triangle.forest_crate:1b,CustomModelData:380044}"
              },
              {
                "function": "minecraft:set_nbt",
                "tag": "{ctc: {id: 'forest_crate', from: 'a_triangle:triangle_craft'}}"
              }
            ],
            "conditions": [
              {
                "condition": "minecraft:location_check",
                "predicate": {
                  "biome": "minecraft:windswept_forest"
                }
              }
            ]
          },
          {
            "type": "item",
            "name": "minecraft:warped_fungus_on_a_stick",
            "functions": [
              {
                "function": "set_count",
                "count": 1
              },
              {
                "function": "set_nbt",
                "tag": "{display:{Name:'{\"italic\":false,\"text\":\"Forest Crate\",\"color\":\"dark_green\",\"bold\":true}'},a_triangle.forest_crate:1b,CustomModelData:380044}"
              },
              {
                "function": "minecraft:set_nbt",
                "tag": "{ctc: {id: 'forest_crate', from: 'a_triangle:triangle_craft'}}"
              }
            ],
            "conditions": [
              {
                "condition": "minecraft:location_check",
                "predicate": {
                  "biome": "minecraft:old_growth_birch_forest"
                }
              }
            ]
          },
          {
            "type": "item",
            "name": "minecraft:warped_fungus_on_a_stick",
            "functions": [
              {
                "function": "set_count",
                "count": 1
              },
              {
                "function": "set_nbt",
                "tag": "{display:{Name:'{\"italic\":false,\"text\":\"Forest Crate\",\"color\":\"dark_green\",\"bold\":true}'},a_triangle.forest_crate:1b,CustomModelData:380044}"
              },
              {
                "function": "minecraft:set_nbt",
                "tag": "{ctc: {id: 'forest_crate', from: 'a_triangle:triangle_craft'}}"
              }
            ],
            "conditions": [
              {
                "condition": "minecraft:location_check",
                "predicate": {
                  "biome": "a_triangle:new_dimensions/giant_forest"
                }
              }
            ]
          }
        ]
      }
    ]
  }