{
    "type": "fishing",
    "pools": [
      {
        "rolls": 1,
        "entries": [
          {
            "type": "item",
            "weight": 8,
            "quality": 2,
            "name": "minecraft:warped_fungus_on_a_stick",
            "functions": [
              {
                "function": "set_count",
                "count": 1
              },
              {
                "function": "set_nbt",
                "tag": "{display:{Name:'{\"italic\":false,\"text\":\"Fire Crate\",\"color\":\"#FF8000\",\"bold\":true}'},a_triangle.fire_crate:1b,CustomModelData:380034}"
              },
              {
                "function": "minecraft:set_nbt",
                "tag": "{ctc: {id: 'fire_crate', from: 'a_triangle:triangle_craft'}}"
              }
            ],
            "conditions": [{
              "condition": "minecraft:entity_scores",
              "scores": {
                  "a_triangle.fishing_crates.nether": 0
              },
              "entity": "this"
            }]
          },
          {
            "type": "minecraft:empty",
            "weight": 9,
            "quality": 3,
            "conditions": [{
              "condition": "minecraft:inverted",
              "term": {
                "condition": "minecraft:entity_scores",
                "scores": {
                    "a_triangle.fishing_crates.nether": 0
                },
                "entity": "this"
            }}]
          },
          {
            "type": "item",
            "weight": 8,
            "quality": 2,
            "name": "minecraft:warped_fungus_on_a_stick",
            "functions": [
              {
                "function": "set_count",
                "count": 1
              },
              {
                "function": "set_nbt",
                "tag": "{display:{Name:'{\"italic\":false,\"text\":\"Air Crate\",\"color\":\"aqua\",\"bold\":true}'},a_triangle.air_crate:1b,CustomModelData:380031}"
              },
              {
                "function": "minecraft:set_nbt",
                "tag": "{ctc: {id: 'air_crate', from: 'a_triangle:triangle_craft'}}"
              }
            ]
          },
          {
            "type": "item",
            "weight": 8,
            "quality": 2,
            "name": "minecraft:warped_fungus_on_a_stick",
            "functions": [
              {
                "function": "set_count",
                "count": 1
              },
              {
                "function": "set_nbt",
                "tag": "{display:{Name:'{\"italic\":false,\"text\":\"Ice Crate\",\"color\":\"dark_aqua\",\"bold\":true}'},a_triangle.ice_crate:1b,CustomModelData:380036}"
              },
              {
                "function": "minecraft:set_nbt",
                "tag": "{ctc: {id: 'ice_crate', from: 'a_triangle:triangle_craft'}}"
              }
            ]
          },
          {
            "type": "item",
            "weight": 8,
            "quality": 2,
            "name": "minecraft:warped_fungus_on_a_stick",
            "functions": [
              {
                "function": "set_count",
                "count": 1
              },
              {
                "function": "set_nbt",
                "tag": "{display:{Name:'{\"italic\":false,\"text\":\"Stone Crate\",\"color\":\"dark_gray\",\"bold\":true}'},a_triangle.stone_crate:1b,CustomModelData:380041}"
              },
              {
                "function": "minecraft:set_nbt",
                "tag": "{ctc: {id: 'stone_crate', from: 'a_triangle:triangle_craft'}}"
              }
            ]
          },
          {
            "type": "item",
            "weight": 8,
            "quality": 2,
            "name": "minecraft:warped_fungus_on_a_stick",
            "functions": [
              {
                "function": "set_count",
                "count": 1
              },
              {
                "function": "set_nbt",
                "tag": "{display:{Name:'{\"italic\":false,\"text\":\"Water Crate\",\"color\":\"dark_blue\",\"bold\":true}'},a_triangle.water_crate:1b,CustomModelData:380043}"
              },
              {
                "function": "minecraft:set_nbt",
                "tag": "{ctc: {id: 'water_crate', from: 'a_triangle:triangle_craft'}}"
              }
            ]
          },
          {
            "type": "item",
            "weight": 8,
            "quality": 2,
            "name": "minecraft:warped_fungus_on_a_stick",
            "functions": [
              {
                "function": "set_count",
                "count": 1
              },
              {
                "function": "set_nbt",
                "tag": "{display:{Name:'{\"italic\":false,\"text\":\"Wooden Crate\",\"color\":\"#804000\",\"bold\":true}'},a_triangle.wooden_crate:1b,CustomModelData:380044}"
              },
              {
                "function": "minecraft:set_nbt",
                "tag": "{ctc: {id: 'wooden_crate', from: 'a_triangle:triangle_craft'}}"
              }
            ]
          },
          {
            "type": "item",
            "weight": 8,
            "quality": 2,
            "name": "minecraft:warped_fungus_on_a_stick",
            "functions": [
              {
                "function": "set_count",
                "count": 1
              },
              {
                "function": "set_nbt",
                "tag": "{display:{Name:'{\"italic\":false,\"text\":\"Magic Crate\",\"color\":\"dark_purple\",\"bold\":true}'},a_triangle.magic_crate:1b,CustomModelData:380037}"
              },
              {
                "function": "minecraft:set_nbt",
                "tag": "{ctc: {id: 'magic_crate', from: 'a_triangle:triangle_craft'}}"
              }
            ]
          },
          {
            "type": "item",
            "weight": 1,
            "quality": 1,
            "name": "minecraft:warped_fungus_on_a_stick",
            "functions": [
              {
                "function": "set_count",
                "count": 1
              },
              {
                "function": "set_nbt",
                "tag": "{display:{Name:'{\"italic\":false,\"text\":\"Magma Crate\",\"color\":\"dark_red\",\"bold\":true}'},a_triangle.magma_crate:1b,CustomModelData:380038}"
              },
              {
                "function": "minecraft:set_nbt",
                "tag": "{ctc: {id: 'magma_crate', from: 'a_triangle:triangle_craft'}}"
              }
            ],
            "conditions": [{
              "condition": "minecraft:entity_scores",
              "scores": {
                  "a_triangle.fishing_crates.nether": 0
              },
              "entity": "this"
            }]
          },
          {
            "type": "loot_table",
            "weight": 8,
            "quality": 2,
            "name": "a_triangle:fishing_crates/biome_crates"
          }]},
          {
            "rolls": 1,
            "entries": [{
            "type": "item",
            "weight": 8,
            "quality": 2,
            "name": "minecraft:warped_fungus_on_a_stick",
            "functions": [
              {
                "function": "set_count",
                "count": 1
              },
              {
                "function": "set_nbt",
                "tag": "{display:{Name:'{\"italic\":false,\"text\":\"Deep Dark Crate\",\"color\":\"#052A32\",\"bold\":true}'},sculk_crate:1b,CustomModelData:380039}"
              },
              {
                "function": "minecraft:set_nbt",
                "tag": "{ctc: {id: 'deep_dark_crate', from: 'a_triangle:triangle_craft'}}"
              }
            ],
            "conditions": [
              {
                "condition": "minecraft:match_tool",
                "predicate": {
                  "enchantments": [
                    {
                      "enchantment": "minecraft:power",
                      "levels": 2
                    }
                  ]
                }
              }
            ]
          },
          {
            "weight": 61,
            "quality": 13,
            "type": "minecraft:empty"
          }
        ]
      }
    ]
  }