{
    "type": "minecraft:generic",
    "pools": [
        {
            "entries": [
                {
                    "type": "minecraft:item",
                    "functions": [
                        {
                            "function": "minecraft:set_count",
                            "count": {"min": 1, "max": 7}
                        },
                        {
                            "function": "minecraft:set_nbt",
                            "tag": "{display:{Name:'{\"italic\":false,\"text\":\"Young Dragon Fragment\",\"color\":\"white\",\"bold\":true}'},SkullOwner:{Id:[I;-375021975,857554978,-2083636233,-1277249446],Properties:{textures:[{Value:\"eyJ0ZXh0dXJlcyI6eyJTS0lOIjp7InVybCI6Imh0dHA6Ly90ZXh0dXJlcy5taW5lY3JhZnQubmV0L3RleHR1cmUvNGI1YmQ2YjY0ZThiZDZjNThmNWNkMWU3OWE1NTAyZDQ0NDhiYWZjMDA2ZDJmZTA1NjhmNmEwZDZiODZkNDQ5ZSJ9fX0=\"}]}}}"
                        },
                        {
                          "function": "minecraft:set_nbt",
                          "tag": "{ctc: {id: 'young_dragon_fragment', from: 'a_triangle:triangle_craft'}}"
                        }
                    ],
                    "name": "minecraft:player_head"
                },
                {
                    "type": "minecraft:item",
                    "functions": [
                        {
                            "function": "minecraft:set_count",
                            "count": {"min": 1, "max": 7}
                        },
                        {
                            "function": "minecraft:set_nbt",
                            "tag": "{display:{Name:'{\"italic\":false,\"text\":\"Strong Dragon Fragment\",\"color\":\"white\",\"bold\":true}'},SkullOwner:{Id:[I;-1162558492,1849773382,-1544087557,-1954597724],Properties:{textures:[{Value:\"eyJ0ZXh0dXJlcyI6eyJTS0lOIjp7InVybCI6Imh0dHA6Ly90ZXh0dXJlcy5taW5lY3JhZnQubmV0L3RleHR1cmUvNmVlMzJmYmQ0YzdiMDNiODY5MDc4YWExZjQ5M2EzOTBlNmUxM2I0NjFkNjEzNzA3ZWFmYjMyNmRiY2QyYjRiNSJ9fX0=\"}]}}}"
                        },
                        {
                          "function": "minecraft:set_nbt",
                          "tag": "{ctc: {id: 'strong_dragon_fragment', from: 'a_triangle:triangle_craft'}}"
                        }
                    ],
                    "name": "minecraft:player_head"
                },
                {
                    "type": "minecraft:item",
                    "functions": [
                        {
                            "function": "minecraft:set_count",
                            "count": {"min": 1, "max": 7}
                        },
                        {
                            "function": "minecraft:set_nbt",
                            "tag": "{display:{Name:'{\"italic\":false,\"text\":\"Protector Dragon Fragment\",\"color\":\"gray\",\"bold\":true}'},SkullOwner:{Id:[I;487755728,-1138208796,-1931667479,-620626379],Properties:{textures:[{Value:\"eyJ0ZXh0dXJlcyI6eyJTS0lOIjp7InVybCI6Imh0dHA6Ly90ZXh0dXJlcy5taW5lY3JhZnQubmV0L3RleHR1cmUvNDhkZTMzOWFmNjNhMjI5YzkyMzhkMDI3ZTQ3ZjUzZWViNTYxNDFhNDE5ZjUxYjM1YzMxZWExNDk0YjQzNWRkMyJ9fX0=\"}]}}}"
                        },
                        {
                          "function": "minecraft:set_nbt",
                          "tag": "{ctc: {id: 'protector_dragon_fragment', from: 'a_triangle:triangle_craft'}}"
                        }
                    ],
                    "name": "minecraft:player_head"
                },
                {
                    "type": "minecraft:item",
                    "functions": [
                        {
                            "function": "minecraft:set_count",
                            "count": {"min": 1, "max": 7}
                        },
                        {
                            "function": "minecraft:set_nbt",
                            "tag": "{display:{Name:'{\"italic\":false,\"text\":\"Holy Dragon Fragment\",\"color\":\"dark_green\",\"bold\":true}'},SkullOwner:{Id:[I;940639223,-441497331,-1996031708,1106182684],Properties:{textures:[{Value:\"eyJ0ZXh0dXJlcyI6eyJTS0lOIjp7InVybCI6Imh0dHA6Ly90ZXh0dXJlcy5taW5lY3JhZnQubmV0L3RleHR1cmUvNDU5NGVkNDY3YjZiM2ZjODlkZTE3OTZlYzJiMjM3NGI5MjAwNmUzZTMwMTY2YzMxMDc0ODdjNmE3YTMzNTg0NSJ9fX0=\"}]}}}"
                        },
                        {
                          "function": "minecraft:set_nbt",
                          "tag": "{ctc: {id: 'holy_dragon_fragment', from: 'a_triangle:triangle_craft'}}"
                        }
                    ],
                    "name": "minecraft:player_head"
                },
                {
                    "type": "minecraft:item",
                    "functions": [
                        {
                            "function": "minecraft:set_count",
                            "count": {"min": 1, "max": 7}
                        },
                        {
                            "function": "minecraft:set_nbt",
                            "tag": "{display:{Name:'{\"italic\":false,\"text\":\"Superior Dragon Fragment\",\"color\":\"yellow\",\"bold\":true}'},SkullOwner:{Id:[I;2084327970,717899712,-1577301697,-329191066],Properties:{textures:[{Value:\"eyJ0ZXh0dXJlcyI6eyJTS0lOIjp7InVybCI6Imh0dHA6Ly90ZXh0dXJlcy5taW5lY3JhZnQubmV0L3RleHR1cmUvNmY4OWIxNTBiZTljNGM1MjQ5ZjM1NWY2OGVhMGM0MzkxMzAwYTliZTFmMjYwZDc1MGZjMzVhMTgxN2FkNzk2ZSJ9fX0=\"}]}}}"
                        },
                        {
                          "function": "minecraft:set_nbt",
                          "tag": "{ctc: {id: 'superior_dragon_fragment', from: 'a_triangle:triangle_craft'}}"
                        }
                    ],
                    "name": "minecraft:player_head"
                },
                {
                    "type": "minecraft:item",
                    "functions": [
                        {
                            "function": "minecraft:set_count",
                            "count": {"min": 1, "max": 7}
                        },
                        {
                            "function": "minecraft:set_nbt",
                            "tag": "{display:{Name:'{\"text\":\"Unstable Dragon Fragment\",\"color\":\"dark_purple\",\"bold\":true,\"italic\":false}'},SkullOwner:{Id:[I;-1727092443,-1155445646,-1514790250,1739467457],Properties:{textures:[{Value:\"eyJ0ZXh0dXJlcyI6eyJTS0lOIjp7InVybCI6Imh0dHA6Ly90ZXh0dXJlcy5taW5lY3JhZnQubmV0L3RleHR1cmUvOTgyMjhjMjM0YzM5MDNjNTEyYTVhMGFhNDUyNjBlN2I1NjdlMGUyMGVlZmM3ZDU2MWNjZWM5N2IyOTU4NzFhZiJ9fX0=\"}]}}}"
                        },
                        {
                          "function": "minecraft:set_nbt",
                          "tag": "{ctc: {id: 'unstable_dragon_fragment', from: 'a_triangle:triangle_craft'}}"
                        }
                    ],
                    "name": "minecraft:player_head"
                },
                {
                    "type": "minecraft:item",
                    "functions": [
                        {
                            "function": "minecraft:set_count",
                            "count": {"min": 1, "max": 7}
                        },
                        {
                            "function": "minecraft:set_nbt",
                            "tag": "{display:{Name:'{\"text\":\"Old Dragon Fragment\",\"color\":\"#C0A000\",\"bold\":true,\"italic\":false}'},SkullOwner:{Id:[I;-1803996097,-241548902,-1590779544,-2130894356],Properties:{textures:[{Value:\"eyJ0ZXh0dXJlcyI6eyJTS0lOIjp7InVybCI6Imh0dHA6Ly90ZXh0dXJlcy5taW5lY3JhZnQubmV0L3RleHR1cmUvN2FhMDlhZDE3N2ZiY2NjNTNmYTMxNmNjMDRiZGQyYzkzNjZiYWVkODg5ZGY3NmM1YTI5ZGVmZWE4MTcwZGVmNSJ9fX0=\"}]}}}"
                        },
                        {
                          "function": "minecraft:set_nbt",
                          "tag": "{ctc: {id: 'old_dragon_fragment', from: 'a_triangle:triangle_craft'}}"
                        }
                    ],
                    "name": "minecraft:player_head"
                },
                {
                    "type": "minecraft:item",
                    "functions": [
                        {
                            "function": "minecraft:set_count",
                            "count": {"min": 1, "max": 7}
                        },
                        {
                            "function": "minecraft:set_nbt",
                            "tag": "{display:{Name:'{\"text\":\"Wise Dragon Fragment\",\"color\":\"aqua\",\"bold\":true,\"italic\":false}'},SkullOwner:{Id:[I;1724413355,-1505541214,-1844459610,-770184410],Properties:{textures:[{Value:\"eyJ0ZXh0dXJlcyI6eyJTS0lOIjp7InVybCI6Imh0dHA6Ly90ZXh0dXJlcy5taW5lY3JhZnQubmV0L3RleHR1cmUvMWQ3NjIwYjJlNDkzNDk2M2JiMTI1MDgzMTBkMDU0OTRjMDY3ZGMzM2UwMDhjZWNmMmNkN2I0NTQ5NjU0ZmFiMyJ9fX0=\"}]}}}"
                        },
                        {
                          "function": "minecraft:set_nbt",
                          "tag": "{ctc: {id: 'wise_dragon_fragment', from: 'a_triangle:triangle_craft'}}"
                        }
                    ],
                    "name": "minecraft:player_head"
                }
            ],
            "rolls": 1
        }
    ]
}