{
    "pools": [
        {
            "rolls": 1,
            "entries": [
                {
                "type": "item",
                "weight": 8,
                "quality": 4,
                "name": "minecraft:golden_sword",
                "functions": [
                    {
                    "function": "set_count",
                    "count": 1
                    },
                    {
                    "function": "set_nbt",
                    "tag": "{CustomModelData:380000,Enchantments:[{id:\"minecraft:fire_aspect\",lvl:2s}]}"
                    },
                    {
                      "function": "minecraft:set_nbt",
                      "tag": "{ctc: {id: 'fire_sword', from: 'a_triangle:triangle_craft', traits: {'tool/weapon': 1b}}}"
                    },
                    {
                    "function": "set_name",
                    "name": [
                        {
                        "italic": false,
                            "text": "Fire Sword",
                        "color": "#FF8000",
                        "bold": true
                        }
                    ]
                    },
                    {
                    "function": "set_lore",
                    "lore": [
                        {
                        "italic": false,
                            "text": "Sets enemies on fire for 8 seconds.",
                        "color": "#FF8000"
                        }
                    ]
                    }
                ]
                },
                {
                "type": "item",
                "weight": 8,
                "quality": 4,
                "name": "minecraft:golden_axe",
                "functions": [
                    {
                    "function": "set_count",
                    "count": 1
                    },
                    {
                    "function": "set_nbt",
                    "tag": "{CustomModelData:380000,Enchantments:[{id:\"minecraft:fire_aspect\",lvl:2s}]}"
                    },
                    {
                      "function": "minecraft:set_nbt",
                      "tag": "{ctc: {id: 'fire_axe', from: 'a_triangle:triangle_craft', traits: {'tool/chopping': 1b, 'tool/weapon': 1b}}}"
                    },
                    {
                    "function": "set_name",
                    "name": [
                        {
                        "italic": false,
                            "text": "Fire Axe",
                        "color": "#FF8000",
                        "bold": true
                        }
                    ]
                    },
                    {
                    "function": "set_lore",
                    "lore": [
                        {
                        "italic": false,
                            "text": "Sets enemies on fire for 8 seconds.",
                        "color": "#FF8000"
                        }
                    ]
                    }
                ]
                },
                {
                "type": "item",
                "weight": 8,
                "quality": 4,
                "name": "minecraft:bow",
                "functions": [
                    {
                    "function": "set_count",
                    "count": 1
                    },
                    {
                    "function": "set_nbt",
                    "tag": "{CustomModelData:380001,Enchantments:[{id:\"minecraft:flame\",lvl:1s}]}"
                    },
                    {
                      "function": "minecraft:set_nbt",
                      "tag": "{ctc: {id: 'fire_bow', from: 'a_triangle:triangle_craft', traits: {'tool/weapon': 1b}}}"
                    },
                    {
                    "function": "set_name",
                    "name": [
                        {
                        "italic": false,
                            "text": "Fire Bow",
                        "color": "#FF8000",
                        "bold": true
                        }
                    ]
                    },
                    {
                    "function": "set_lore",
                    "lore": [
                        {
                        "italic": false,
                            "text": "Sets enemies on fire for 5 seconds.",
                        "color": "#FF8000"
                        }
                    ]
                    }
                ]
                },
                {
                  "type": "item",
                  "weight": 8,
                  "quality": 4,
                  "name": "minecraft:warped_fungus_on_a_stick",
                  "functions": [
                    {
                      "function": "set_count",
                      "count": 1
                    },
                    {
                      "function": "set_nbt",
                      "tag": "{display:{Name:'{\"text\":\"Fire Staff\",\"color\":\"#FF8000\",\"bold\":true,\"italic\":false}',Lore:['{\"text\":\"Right click to project fire at your enemies.\",\"color\":\"#FF8000\",\"italic\":false}']},CustomModelData:380002,a_triangle.fire_staff:1b}"
                    },
                    {
                      "function": "minecraft:set_nbt",
                      "tag": "{ctc: {id: 'fire_staff', from: 'a_triangle:triangle_craft', traits: {'tool/weapon': 1b}}}"
                    }
                  ]
                },
                {
                "type": "item",
                "weight": 1,
                "quality": 1,
                "name": "minecraft:netherite_sword",
                "functions": [
                    {
                    "function": "set_count",
                    "count": 1
                    },
                    {
                    "function": "set_nbt",
                    "tag": "{CustomModelData:380000,Enchantments:[{id:\"minecraft:fire_aspect\",lvl:2s}]}"
                    },
                    {
                      "function": "minecraft:set_nbt",
                      "tag": "{ctc: {id: 'magma_sword', from: 'a_triangle:triangle_craft', traits: {'tool/weapon': 1b}}}"
                    },
                    {
                    "function": "set_name",
                    "name": [
                        {
                        "italic": false,
                            "text": "Magma Sword",
                        "color": "dark_red",
                        "bold": true
                        }
                    ]
                    },
                    {
                    "function": "set_lore",
                    "lore": [
                        {
                        "italic": false,
                            "text": "Sets enemies on fire for 8 seconds.",
                        "color": "dark_red"
                        }
                    ]
                    }
                ]
                },
                {
                "type": "item",
                "weight": 1,
                "quality": 1,
                "name": "minecraft:warped_fungus_on_a_stick",
                "functions": [
                    {
                        "function": "set_count",
                        "count": 1
                      },
                      {
                        "function": "set_nbt",
                        "tag": "{display:{Name:'{\"text\":\"Magma Staff\",\"color\":\"dark_red\",\"bold\":true,\"italic\":false}',Lore:['{\"text\":\"Right click to shoot exploding fireballs.\",\"color\":\"dark_red\",\"italic\":false}']},CustomModelData:380008,a_triangle.magma_staff:1b}"
                      },
                      {
                        "function": "minecraft:set_nbt",
                        "tag": "{ctc: {id: 'magma_staff', from: 'a_triangle:triangle_craft', traits: {'tool/weapon': 1b}}}"
                      }
                ]
                }
            ]
        }
    ]
}