{
    "type": "chest",
    "pools": [
      {
        "rolls": {
          "min": 2,
          "max": 4
        },
        "bonus_rolls": {
          "min": 0,
          "max": 2
        },
        "entries": [
          {
            "type": "item",
            "weight": 1,
            "name": "minecraft:fire_charge",
            "functions": [
              {
                "function": "set_count",
                "count": {
                  "min": 0,
                  "max": 16
                }
              }
            ]
          },
          {
            "type": "item",
            "weight": 1,
            "name": "minecraft:magma_cream",
            "functions": [
              {
                "function": "set_count",
                "count": {
                  "min": 0,
                  "max": 16
                }
              }
            ]
          },
          {
            "type": "item",
            "weight": 1,
            "name": "minecraft:blaze_powder",
            "functions": [
              {
                "function": "set_count",
                "count": {
                  "min": 0,
                  "max": 8
                }
              }
            ]
          },
          {
            "type": "item",
            "weight": 1,
            "name": "minecraft:lava_bucket",
            "functions": [
              {
                "function": "set_count",
                "count": 1
              }
            ]
          },
          {
            "type": "item",
            "weight": 1,
            "name": "minecraft:orange_dye",
            "functions": [
              {
                "function": "set_count",
                "count": {
                  "min": 0,
                  "max": 8
                }
              },
              {
                "function": "set_nbt",
                "tag": "{display:{Name:'{\"italic\":false,\"text\":\"Amber\",\"color\":\"#FF8000\",\"bold\":true}'},CustomModelData:380000}"
              },
              {
                "function": "minecraft:set_nbt",
                "tag": "{ctc: {id: 'amber', from: 'a_triangle:triangle_craft', traits: {'ingot': 1b, 'gem/amber': 1b}}}"
              }
            ]
          },
          {
            "type": "item",
            "weight": 1,
            "name": "minecraft:gold_nugget",
            "functions": [
              {
                "function": "set_count",
                "count": {
                  "min": 0,
                  "max": 36
                }
              }
            ]
          }
        ]
      },
      {
        "rolls": {
          "min": 0,
          "max": 1
        },
        "entries": [
          {
            "type": "item",
            "weight": 2,
            "quality": 1,
            "name": "minecraft:potion",
            "functions": [
              {
                "function": "set_count",
                "count": {
                  "min": 1,
                  "max": 3
                }
              },
              {
                "function": "set_nbt",
                "tag": "{Potion:\"minecraft:fire_resistance\"}"
              }
            ]
          },
          {
            "type": "item",
            "weight": 1,
            "quality": 2,
            "name": "minecraft:potion",
            "functions": [
              {
                "function": "set_count",
                "count": {
                  "min": 1,
                  "max": 3
                }
              },
              {
                "function": "set_nbt",
                "tag": "{Potion:\"minecraft:long_fire_resistance\"}"
              }
            ]
          }
        ]
      },
      {
        "rolls": {
          "min": 0,
          "max": 1
        },
        "entries": [
          {
            "type": "item",
            "weight": 4,
            "quality": 1,
            "name": "minecraft:enchanted_book",
            "functions": [
              {
                "function": "set_count",
                "count": 1
              },
              {
                "function": "set_nbt",
                "tag": "{StoredEnchantments:[{id:\"minecraft:fire_protection\",lvl:1s}]}"
              }
            ]
          },
          {
            "type": "item",
            "weight": 3,
            "quality": 1,
            "name": "minecraft:enchanted_book",
            "functions": [
              {
                "function": "set_count",
                "count": 1
              },
              {
                "function": "set_nbt",
                "tag": "{StoredEnchantments:[{id:\"minecraft:fire_protection\",lvl:2s}]}"
              }
            ]
          },
          {
            "type": "item",
            "weight": 2,
            "quality": 1,
            "name": "minecraft:enchanted_book",
            "functions": [
              {
                "function": "set_count",
                "count": 1
              },
              {
                "function": "set_nbt",
                "tag": "{StoredEnchantments:[{id:\"minecraft:fire_protection\",lvl:3s}]}"
              }
            ]
          },
          {
            "type": "item",
            "weight": 1,
            "quality": 1,
            "name": "minecraft:enchanted_book",
            "functions": [
              {
                "function": "set_count",
                "count": 1
              },
              {
                "function": "set_nbt",
                "tag": "{StoredEnchantments:[{id:\"minecraft:fire_protection\",lvl:4s}]}"
              }
            ]
          },
          {
            "type": "item",
            "weight": 4,
            "quality": 1,
            "name": "minecraft:enchanted_book",
            "functions": [
              {
                "function": "set_count",
                "count": 1
              },
              {
                "function": "set_nbt",
                "tag": "{StoredEnchantments:[{id:\"minecraft:fire_aspect\",lvl:1s}]}"
              }
            ]
          },
          {
            "type": "item",
            "weight": 2,
            "quality": 1,
            "name": "minecraft:enchanted_book",
            "functions": [
              {
                "function": "set_count",
                "count": 1
              },
              {
                "function": "set_nbt",
                "tag": "{StoredEnchantments:[{id:\"minecraft:fire_aspect\",lvl:1s}]}"
              }
            ]
      },
      {
        "type": "item",
        "weight": 3,
        "quality": 1,
        "name": "minecraft:enchanted_book",
        "functions": [
          {
            "function": "set_count",
            "count": 1
          },
          {
            "function": "set_nbt",
            "tag": "{StoredEnchantments:[{id:\"minecraft:flame\",lvl:1s}]}"
          }
        ]
      }]},
      {
        "rolls": 1,
        "entries": [{
          "type": "minecraft:loot_table",
          "name": "a_triangle:fishing_crates/fire_weapon"
        }]
      },
      {
        "rolls": 0,
        "bonus_rolls": 1,
        "entries": [{
          "type": "minecraft:loot_table",
          "name": "a_triangle:fishing_crates/fire_weapon",
          "conditions": [{
            "condition": "minecraft:random_chance",
            "chance": 0.25
          }]
        }]
      },
      {
        "rolls": 1,
        "entries": [{
          "type": "minecraft:tag",
          "expand": true,
          "name": "minecraft:piglin_loved"
        }]
      },
      {
        "rolls": 0,
        "bonus_rolls": 1,
        "entries": [{
          "type": "minecraft:tag",
          "expand": true,
          "name": "minecraft:piglin_loved",
          "conditions": [{
            "condition": "minecraft:random_chance",
            "chance": 0.25
          }]
        }]
      },
      {
        "rolls": 1,
        "conditions": [{
          "condition": "minecraft:random_chance",
          "chance": 0.1
        }],
        "entries": [
          {
            "type": "item",
            "weight": 1,
            "name": "minecraft:painting",
            "functions": [
              {
                "function": "set_count",
                "count": 1
              },
              {
                "function": "set_nbt",
                "tag": "{EntityTag:{variant:\"minecraft:fire\"}}"
              },
              {
                "function": "set_name",
                "name": [
                  {
                    "italic": false,
                      "text": "Fire",
                    "color": "#FF8000",
                    "bold": true
                  }
                ]
              }
            ]
          }
        ]
      }]}