{
    "type": "minecraft:chest",
    "pools": [
      {
        "bonus_rolls": 0.0,
        "entries": [
          {
            "type": "minecraft:item",
            "functions": [
              {
                "add": false,
                "count": {
                  "type": "minecraft:uniform",
                  "max": 3.0,
                  "min": 1.0
                },
                "function": "minecraft:set_count"
              }
            ],
            "name": "minecraft:diamond",
            "weight": 5
          },
          {
            "type": "minecraft:item",
            "functions": [
              {
                "add": false,
                "count": {
                  "type": "minecraft:uniform",
                  "max": 5.0,
                  "min": 1.0
                },
                "function": "minecraft:set_count"
              }
            ],
            "name": "minecraft:iron_ingot",
            "weight": 5
          },
          {
            "type": "minecraft:item",
            "functions": [
              {
                "add": false,
                "count": {
                  "type": "minecraft:uniform",
                  "max": 3.0,
                  "min": 1.0
                },
                "function": "minecraft:set_count"
              }
            ],
            "name": "minecraft:gold_ingot",
            "weight": 15
          },
          {
            "type": "minecraft:item",
            "name": "minecraft:golden_sword",
            "weight": 5
          },
          {
            "type": "minecraft:item",
            "name": "minecraft:golden_chestplate",
            "weight": 5
          },
          {
            "type": "minecraft:item",
            "name": "minecraft:flint_and_steel",
            "weight": 5
          },
          {
            "type": "minecraft:item",
            "functions": [
              {
                "add": false,
                "count": {
                  "type": "minecraft:uniform",
                  "max": 7.0,
                  "min": 3.0
                },
                "function": "minecraft:set_count"
              }
            ],
            "name": "minecraft:potato",
            "weight": 5
          },
          {
            "type": "minecraft:item",
            "name": "minecraft:saddle",
            "weight": 10
          },
          {
            "type": "minecraft:item",
            "name": "minecraft:golden_horse_armor",
            "weight": 8
          },
          {
            "type": "minecraft:item",
            "name": "minecraft:iron_horse_armor",
            "weight": 5
          },
          {
            "type": "minecraft:item",
            "name": "minecraft:diamond_horse_armor",
            "weight": 3
          },
          {
            "type": "minecraft:item",
            "functions": [
              {
                "add": false,
                "count": {
                  "type": "minecraft:uniform",
                  "max": 4.0,
                  "min": 2.0
                },
                "function": "minecraft:set_count"
              }
            ],
            "name": "minecraft:obsidian",
            "weight": 2
          }
        ],
        "rolls": {
          "type": "minecraft:uniform",
          "max": 4.0,
          "min": 2.0
        }
      },
      {
        "rolls": 1,
        "bonus_rolls": 0,
        "entries": [
          {
            "type": "item",
            "weight": 1,
            "name": "minecraft:warped_fungus_on_a_stick",
            "functions": [
              {
                "function": "set_nbt",
                "tag": "{display:{Name:'{\"text\":\"Healing Staff\",\"color\":\"#804000\",\"bold\":true,\"italic\":false}',Lore:['{\"text\":\"Right click to create a healing zone.\",\"color\":\"#804000\",\"italic\":false}']},CustomModelData:380007,a_triangle.healing_staff:1b}"
              },
              {
                "function": "minecraft:set_nbt",
                "tag": "{ctc: {id: 'healing_staff', from: 'a_triangle:triangle_craft'}}"
              }
            ],
            "conditions": [{
              "condition": "minecraft:random_chance",
              "chance": 0.25
            }]
          },
          {
            "type": "item",
            "name": "minecraft:warped_fungus_on_a_stick",
            "functions": [
                {
                    "function": "set_nbt",
                    "tag": "{display:{Name:'{\"text\":\"Healing Rune\",\"color\":\"#804000\",\"bold\":true,\"italic\":false}',Lore:['{\"text\":\"Hold a weapon in your mainhand and a rune in your offhand to apply.\",\"color\":\"#804000\",\"italic\":false}','{\"text\":\"Healing Rune - Heals 4 hitpoints.\",\"color\":\"#804000\",\"italic\":false}']},CustomModelData:380023,a_triangle.heal_rune:1b}"
                },
                {
                  "function": "minecraft:set_nbt",
                  "tag": "{ctc: {id: 'healing_rune', from: 'a_triangle:triangle_craft'}}"
                }
            ],
            "conditions": [{
              "condition": "minecraft:random_chance",
              "chance": 0.25
            }]
          }
        ]},
      {
        "rolls": 0,
        "bonus_rolls": 1,
        "entries": [{
          "type": "item",
          "weight": 1,
          "name": "minecraft:warped_fungus_on_a_stick",
          "functions": [
            {
              "function": "set_nbt",
              "tag": "{display:{Name:'{\"text\":\"Healing Staff\",\"color\":\"#804000\",\"bold\":true,\"italic\":false}',Lore:['{\"text\":\"Right click to create a healing zone.\",\"color\":\"#804000\",\"italic\":false}']},CustomModelData:380007,a_triangle.healing_staff:1b}"
            },
            {
              "function": "minecraft:set_nbt",
              "tag": "{ctc: {id: 'healing_staff', from: 'a_triangle:triangle_craft'}}"
            }
          ],
          "conditions": [{
            "condition": "minecraft:random_chance",
            "chance": 0.0625
          }]
        },
        {
          "type": "item",
          "name": "minecraft:warped_fungus_on_a_stick",
          "functions": [
              {
                  "function": "set_nbt",
                  "tag": "{display:{Name:'{\"text\":\"Healing Rune\",\"color\":\"#804000\",\"bold\":true,\"italic\":false}',Lore:['{\"text\":\"Hold a weapon in your mainhand and a rune in your offhand to apply.\",\"color\":\"#804000\",\"italic\":false}','{\"text\":\"Healing Rune - Heals 4 hitpoints.\",\"color\":\"#804000\",\"italic\":false}']},CustomModelData:380023,a_triangle.heal_rune:1b}"
              },
              {
                "function": "minecraft:set_nbt",
                "tag": "{ctc: {id: 'healing_rune', from: 'a_triangle:triangle_craft'}}"
              }
          ],
          "conditions": [{
            "condition": "minecraft:random_chance",
            "chance": 0.0625
          }]
        }]
      }
    ]
  }