{
    "pools": [{
        "rolls": 1,
        "entries": [
            {
                "type": "minecraft:item",
                "name": "minecraft:cookie",
                "functions": [
                    {
                        "function": "minecraft:set_count",
                        "count": {
                            "min": 1,
                            "max": 3
                        }
                    },
                    {
                        "function": "minecraft:set_nbt",
                        "tag": "{a_triangle.apricot:1b,CustomModelData:380000,display:{Name:'{\"text\":\"Apricot\",\"italic\":false,\"color\":\"#FF8000\",\"bold\":true}'}}"
                    },
                    {
                      "function": "minecraft:set_nbt",
                      "tag": "{ctc: {id: 'apricot', from: 'a_triangle:triangle_craft'}, traits: {'food': 1b}}"
                    }
                ]
            },
            {
                "type": "minecraft:item",
                "name": "minecraft:cookie",
                "functions": [
                    {
                        "function": "minecraft:set_count",
                        "count": {
                            "min": 1,
                            "max": 3
                        }
                    },
                    {
                        "function": "minecraft:set_nbt",
                        "tag": "{a_triangle.azalea:1b,CustomModelData:380001,display:{Name:'{\"text\":\"Azalea Flower\",\"italic\":false,\"color\":\"light_purple\",\"bold\":true}'}}"
                    },
                    {
                      "function": "minecraft:set_nbt",
                      "tag": "{ctc: {id: 'azalea_flower', from: 'a_triangle:triangle_craft'}, traits: {'food': 1b}}"
                    }
                ]
            },
            {
                "type": "minecraft:item",
                "name": "minecraft:cookie",
                "functions": [
                    {
                        "function": "minecraft:set_count",
                        "count": {
                            "min": 1,
                            "max": 3
                        }
                    },
                    {
                        "function": "minecraft:set_nbt",
                        "tag": "{a_triangle.banana:1b,CustomModelData:380002,display:{Name:'{\"text\":\"Banana\",\"italic\":false,\"color\":\"yellow\",\"bold\":true}'}}"
                    },
                    {
                      "function": "minecraft:set_nbt",
                      "tag": "{ctc: {id: 'banana', from: 'a_triangle:triangle_craft'}, traits: {'food': 1b}}"
                    }
                ]
            },
            {
                "type": "minecraft:item",
                "name": "minecraft:cookie",
                "functions": [
                    {
                        "function": "minecraft:set_count",
                        "count": {
                            "min": 1,
                            "max": 3
                        }
                    },
                    {
                        "function": "minecraft:set_nbt",
                        "tag": "{a_triangle.cherry:1b,CustomModelData:380003,display:{Name:'{\"text\":\"Cherry\",\"italic\":false,\"color\":\"red\",\"bold\":true}'}}"
                    },
                    {
                      "function": "minecraft:set_nbt",
                      "tag": "{ctc: {id: 'cherry', from: 'a_triangle:triangle_craft'}, traits: {'food': 1b}}"
                    }
                ]
            },
            {
                "type": "minecraft:item",
                "name": "minecraft:cookie",
                "functions": [
                    {
                        "function": "minecraft:set_count",
                        "count": {
                            "min": 1,
                            "max": 3
                        }
                    },
                    {
                        "function": "minecraft:set_nbt",
                        "tag": "{a_triangle.grapefruit:1b,CustomModelData:380004,display:{Name:'{\"text\":\"Grapefruit\",\"italic\":false,\"color\":\"#FFA000\",\"bold\":true}'}}"
                    },
                    {
                      "function": "minecraft:set_nbt",
                      "tag": "{ctc: {id: 'grapefruit', from: 'a_triangle:triangle_craft'}, traits: {'food': 1b}}"
                    }
                ]
            },
            {
                "type": "minecraft:item",
                "name": "minecraft:cookie",
                "functions": [
                    {
                        "function": "minecraft:set_count",
                        "count": {
                            "min": 1,
                            "max": 3
                        }
                    },
                    {
                        "function": "minecraft:set_nbt",
                        "tag": "{a_triangle.lemon:1b,CustomModelData:380005,display:{Name:'{\"text\":\"Lemon\",\"italic\":false,\"color\":\"yellow\",\"bold\":true}'}}"
                    },
                    {
                      "function": "minecraft:set_nbt",
                      "tag": "{ctc: {id: 'lemon', from: 'a_triangle:triangle_craft'}, traits: {'food': 1b}}"
                    }
                ]
            },
            {
                "type": "minecraft:item",
                "name": "minecraft:cookie",
                "functions": [
                    {
                        "function": "minecraft:set_count",
                        "count": {
                            "min": 1,
                            "max": 3
                        }
                    },
                    {
                        "function": "minecraft:set_nbt",
                        "tag": "{a_triangle.mango:1b,CustomModelData:380006,display:{Name:'{\"text\":\"Mango\",\"italic\":false,\"color\":\"#FF8000\",\"bold\":true}'}}"
                    },
                    {
                      "function": "minecraft:set_nbt",
                      "tag": "{ctc: {id: 'mango', from: 'a_triangle:triangle_craft'}, traits: {'food': 1b}}"
                    }
                ]
            },
            {
                "type": "minecraft:item",
                "name": "minecraft:cookie",
                "functions": [
                    {
                        "function": "minecraft:set_count",
                        "count": {
                            "min": 1,
                            "max": 3
                        }
                    },
                    {
                        "function": "minecraft:set_nbt",
                        "tag": "{a_triangle.pineapple:1b,CustomModelData:380007,display:{Name:'{\"text\":\"Pineapple\",\"italic\":false,\"color\":\"yellow\",\"bold\":true}'}}"
                    },
                    {
                      "function": "minecraft:set_nbt",
                      "tag": "{ctc: {id: 'pineapple', from: 'a_triangle:triangle_craft'}, traits: {'food': 1b}}"
                    }
                ]
            },
            {
                "type": "minecraft:item",
                "name": "minecraft:cookie",
                "functions": [
                    {
                        "function": "minecraft:set_count",
                        "count": {
                            "min": 1,
                            "max": 3
                        }
                    },
                    {
                        "function": "minecraft:set_nbt",
                        "tag": "{a_triangle.grapes:1b,CustomModelData:380008,display:{Name:'{\"text\":\"Grapes\",\"italic\":false,\"color\":\"dark_purple\",\"bold\":true}'}}"
                    },
                    {
                      "function": "minecraft:set_nbt",
                      "tag": "{ctc: {id: 'grapes', from: 'a_triangle:triangle_craft'}, traits: {'food': 1b}}"
                    }
                ]
            }
        ]
    }]
}