{
  "type": "minecraft:chest",
  "pools": [
    {
      "rolls": {
        "type": "minecraft:uniform",
        "min": 3.0,
        "max": 8.0
      },
      "bonus_rolls": 0.0,
      "entries": [
        {
          "type": "minecraft:item",
          "weight": 3,
          "functions": [
            {
              "function": "minecraft:set_count",
              "count": {
                "type": "minecraft:uniform",
                "min": 1.0,
                "max": 3.0
              },
              "add": false
            }
          ],
          "name": "minecraft:diamond"
        },
        {
          "type": "minecraft:item",
          "weight": 10,
          "functions": [
            {
              "function": "minecraft:set_count",
              "count": {
                "type": "minecraft:uniform",
                "min": 1.0,
                "max": 5.0
              },
              "add": false
            }
          ],
          "name": "minecraft:iron_ingot"
        },
        {
          "type": "minecraft:item",
          "weight": 5,
          "functions": [
            {
              "function": "minecraft:set_count",
              "count": {
                "type": "minecraft:uniform",
                "min": 1.0,
                "max": 3.0
              },
              "add": false
            }
          ],
          "name": "minecraft:gold_ingot"
        },
        {
          "type": "minecraft:item",
          "weight": 15,
          "functions": [
            {
              "function": "minecraft:set_count",
              "count": {
                "type": "minecraft:uniform",
                "min": 1.0,
                "max": 3.0
              },
              "add": false
            }
          ],
          "name": "minecraft:bread"
        },
        {
          "type": "minecraft:item",
          "weight": 15,
          "functions": [
            {
              "function": "minecraft:set_count",
              "count": {
                "type": "minecraft:uniform",
                "min": 1.0,
                "max": 3.0
              },
              "add": false
            }
          ],
          "name": "minecraft:apple"
        },
        {
          "type": "minecraft:item",
          "weight": 5,
          "name": "minecraft:iron_pickaxe"
        },
        {
          "type": "minecraft:item",
          "weight": 5,
          "name": "minecraft:iron_sword"
        },
        {
          "type": "minecraft:item",
          "weight": 5,
          "name": "minecraft:iron_chestplate"
        },
        {
          "type": "minecraft:item",
          "weight": 5,
          "name": "minecraft:iron_helmet"
        },
        {
          "type": "minecraft:item",
          "weight": 5,
          "name": "minecraft:iron_leggings"
        },
        {
          "type": "minecraft:item",
          "weight": 5,
          "name": "minecraft:iron_boots"
        },
        {
          "type": "minecraft:item",
          "weight": 5,
          "functions": [
            {
              "function": "minecraft:set_count",
              "count": {
                "type": "minecraft:uniform",
                "min": 3.0,
                "max": 7.0
              },
              "add": false
            }
          ],
          "name": "minecraft:obsidian"
        },
        {
          "type": "minecraft:item",
          "weight": 5,
          "functions": [
            {
              "function": "minecraft:set_count",
              "count": {
                "type": "minecraft:uniform",
                "min": 3.0,
                "max": 7.0
              },
              "add": false
            }
          ],
          "name": "minecraft:oak_sapling"
        },
        {
          "type": "minecraft:item",
          "weight": 3,
          "name": "minecraft:saddle"
        },
        {
          "type": "minecraft:item",
          "name": "minecraft:iron_horse_armor"
        },
        {
          "type": "minecraft:item",
          "name": "minecraft:golden_horse_armor"
        },
        {
          "type": "minecraft:item",
          "name": "minecraft:diamond_horse_armor"
        }
      ]
    },
    {
      "rolls": {
        "min": 0,
        "max": 1
      },
      "entries": [
        {
          "type": "item",
          "name": "minecraft:white_dye",
          "weight": 6,
          "functions": [
            {
              "function": "set_count",
              "count": {"min": 1, "max": 3}
            },
            {
              "function": "set_nbt",
              "tag": "{display:{Name:'{\"italic\":false,\"text\":\"Ceramite Ingot\",\"color\":\"white\",\"bold\":true}'},CustomModelData:380000}"
            },
            {
              "function": "minecraft:set_nbt",
              "tag": "{ctc: {id: 'ceramite_ingot', from: 'a_triangle:triangle_craft'}, traits: {'ingot': 1b, 'metal/ceramite': 1b}}"
            }
          ]
        },
        {
          "type": "item",
          "weight": 1,
          "name": "minecraft:crossbow",
          "functions": [
            {
              "function": "set_count",
              "count": 1
            },
            {
              "function": "set_nbt",
              "tag": "{Unbreakable:1b,CustomModelData:380000,Enchantments:[{id:\"minecraft:quick_charge\",lvl:4s}],AttributeModifiers:[{AttributeName:\"generic.movement_speed\",Name:\"generic.movement_speed\",Amount:-0.5,Operation:1,UUID:[I;-1506847568,1093092109,-2124674825,1661864181],Slot:\"mainhand\"},{AttributeName:\"generic.movement_speed\",Name:\"generic.movement_speed\",Amount:0.5,Operation:1,UUID:[I;-764945740,-901691281,-1709312887,554518154],Slot:\"offhand\"}]}"
            },
            {
              "function": "minecraft:set_nbt",
              "tag": "{ctc: {id: 'boltgun', from: 'a_triangle:triangle_craft'}, traits: {'tool/weapon': 1b}}"
            },
            {
              "function": "set_name",
              "name": [
                {
                  "italic": false,
                      "text": "Boltgun",
                  "color": "black",
                  "bold": true
                }
              ]
            }
          ]
        },
        {
          "type": "item",
          "weight": 1,
          "name": "minecraft:diamond_hoe",
          "functions": [
            {
              "function": "set_count",
              "count": 1
            },
            {
              "function": "set_nbt",
              "tag": "{Unbreakable:1b,CustomModelData:380000,AttributeModifiers:[{AttributeName:\"generic.attack_damage\",Name:\"generic.attack_damage\",Amount:4,Operation:0,UUID:[I;-1506847569,1093092109,-2124674825,1661864181],Slot:\"mainhand\"},{AttributeName:\"generic.attack_speed\",Name:\"generic.attack_speed\",Amount:1,Operation:1,UUID:[I;-1506847562,1093092109,-2124674825,1661864181],Slot:\"mainhand\"}]}"
            },
            {
              "function": "minecraft:set_nbt",
              "tag": "{ctc: {id: 'voidscythe', from: 'a_triangle:triangle_craft'}, traits: {'tool/tilling': 1b ,'tool/weapon': 1b}}"
            },
            {
              "function": "set_name",
              "name": [
                {
                  "italic": false,
                      "text": "Voidscythe",
                  "color": "dark_green",
                  "bold": true
                }
              ]
            }
          ]
        },
        {
          "type": "item",
          "weight": 1,
          "name": "minecraft:bow",
          "functions": [
            {
              "function": "set_count",
              "count": 1
            },
            {
              "function": "set_nbt",
              "tag": "{Unbreakable:1b,CustomModelData:380002,Enchantments:[{id:\"minecraft:power\",lvl:6s},{id:\"minecraft:infinity\",lvl:1s}],AttributeModifiers:[{AttributeName:\"generic.movement_speed\",Name:\"generic.movement_speed\",Amount:-1,Operation:1,UUID:[I;-1506847560,1093092109,-2124674825,1661864181],Slot:\"mainhand\"},{AttributeName:\"generic.movement_speed\",Name:\"generic.movement_speed\",Amount:0,Operation:1,UUID:[I;-764945741,-901691281,-1709312887,554518154],Slot:\"offhand\"}]}"
            },
            {
              "function": "set_name",
              "name": [
                {
                  "italic": false,
                      "text": "Synaptic Disintegrator",
                  "color": "dark_green",
                  "bold": true
                }
              ]
            },
            {
              "function": "minecraft:set_nbt",
              "tag": "{ctc: {id: 'synaptic_disintegrator', from: 'a_triangle:triangle_craft'}, traits: {'tool/weapon': 1b}}"
            },
            {
              "function": "set_lore",
              "lore": [
                {
                  "italic": false,
                      "text": "Once you are marked,",
                  "color": "dark_green"
                },
                {
                  "italic": true,
                      "text": "there is no escape...",
                  "color": "dark_green",
                  "bold": true
                }
              ]
            }
          ]
        },
        {
          "type": "item",
          "weight": 1,
          "name": "minecraft:warped_fungus_on_a_stick",
          "functions": [
            {
              "function": "set_count",
              "count": 1
            },
            {
              "function": "set_nbt",
              "tag": "{display:{Name:'{\"text\":\"Laser Staff\",\"color\":\"dark_red\",\"bold\":true,\"italic\":false}',Lore:['{\"text\":\"Right click to project lasers that can damage blocks and entities.\",\"color\":\"dark_red\",\"italic\":false}']},CustomModelData:380001,a_triangle.laser_staff:1b}"
            },
            {
              "function": "minecraft:set_nbt",
              "tag": "{ctc: {id: 'laser_staff', from: 'a_triangle:triangle_craft'}, traits: {'tool/weapon': 1b}}"
            }
          ]
        }
      ]
    }
  ]
}