{
    "type": "minecraft:generic",
    "pools": [
      {
        "rolls": 1,
        "entries": [
          {
            "type": "item",
            "weight": 1,
            "name": "minecraft:red_dye",
            "functions": [
              {
                "function": "set_count",
                "count": {
                  "min": 0,
                  "max": 8
                }
              },
              {
                "function": "set_nbt",
                "tag": "{display:{Name:'{\"italic\":false,\"text\":\"Ruby\",\"color\":\"red\",\"bold\":true}'},CustomModelData:380000}"
              },
              {
                "function": "minecraft:set_nbt",
                "tag": "{ctc: {id: 'ruby', from: 'a_triangle:triangle_craft', traits: {'ingot': 1b, 'gem/ruby': 1b}}}"
              }
            ]
          },
          {
            "type": "item",
            "weight": 1,
            "name": "minecraft:yellow_dye",
            "functions": [
              {
                "function": "set_count",
                "count": {
                  "min": 0,
                  "max": 8
                }
              },
              {
                "function": "set_nbt",
                "tag": "{display:{Name:'{\"italic\":false,\"text\":\"Topaz\",\"color\":\"yellow\",\"bold\":true}'},CustomModelData:380000}"
              },
              {
                "function": "minecraft:set_nbt",
                "tag": "{ctc: {id: 'topaz', from: 'a_triangle:triangle_craft', traits: {'ingot': 1b, 'gem/topaz': 1b}}}"
              }
            ]
          },
          {
            "type": "item",
            "weight": 1,
            "name": "minecraft:blue_dye",
            "functions": [
              {
                "function": "set_count",
                "count": {
                  "min": 0,
                  "max": 8
                }
              },
              {
                "function": "set_nbt",
                "tag": "{display:{Name:'{\"italic\":false,\"text\":\"Sapphire\",\"color\":\"dark_blue\",\"bold\":true}'},CustomModelData:380000}"
              },
              {
                "function": "minecraft:set_nbt",
                "tag": "{ctc: {id: 'sapphire', from: 'a_triangle:triangle_craft', traits: {'ingot': 1b, 'gem/sapphire': 1b}}}"
              }
            ]
          }
        ]
      }]}