{
    "type": "chest",
    "pools": [
      {
        "rolls": {
          "min": 3,
          "max": 6
        },
        "bonus_rolls": {
          "min": 0,
          "max": 3
        },
        "entries": [
          {
            "type": "item",
            "weight": 2,
            "name": "minecraft:tipped_arrow",
            "functions": [
              {
                "function": "set_count",
                "count": {
                  "min": 0,
                  "max": 24
                }
              },
              {
                "function": "set_nbt",
                "tag": "{display:{Name:'{\"italic\":false,\"text\":\"Ice Arrow\",\"color\":\"dark_aqua\",\"bold\":true}',Lore:['{\"italic\":false,\"text\":\"Freezes enemies for 2 seconds.\",\"color\":\"dark_aqua\"}']},HideFlags:32,CustomModelData:380000,CustomPotionEffects:[{Id:2b,Amplifier:3b,Duration:40},{Id:27b,Amplifier:2b,Duration:1,ShowParticles:0b}],CustomPotionColor:65535}"
              },
              {
                "function": "minecraft:set_nbt",
                "tag": "{ctc: {id: 'ice_arrow', from: 'a_triangle:triangle_craft'}}"
              }
            ]
          },
          {
            "type": "item",
            "weight": 2,
            "name": "minecraft:splash_potion",
            "functions": [
              {
                "function": "set_count",
                "count": {
                  "min": 0,
                  "max": 6
                }
              },
              {
                "function": "set_nbt",
                "tag": "{display:{Name:'{\"italic\":false,\"text\":\"Ice Bomb\",\"color\":\"dark_aqua\",\"bold\":true}',Lore:['{\"italic\":false,\"text\":\"Freezes enemies for 4 seconds.\",\"color\":\"dark_aqua\"}']},HideFlags:32,CustomModelData:380000,CustomPotionEffects:[{Id:2b,Amplifier:3b,Duration:80},{Id:27b,Amplifier:3b,Duration:21,ShowParticles:0b}],CustomPotionColor:65535,Potion:\"minecraft:empty\"}"
              },
              {
                "function": "minecraft:set_nbt",
                "tag": "{ctc: {id: 'ice_bomb', from: 'a_triangle:triangle_craft'}}"
              }
            ]
          },
          {
            "type": "item",
            "weight": 1,
            "name": "minecraft:blue_ice",
            "functions": [
              {
                "function": "set_count",
                "count": {
                  "min": 0,
                  "max": 8
                }
              }
            ]
          },
          {
            "type": "item",
            "weight": 1,
            "name": "minecraft:packed_ice",
            "functions": [
              {
                "function": "set_count",
                "count": {
                  "min": 0,
                  "max": 64
                }
              }
            ]
          },
          {
            "type": "item",
            "weight": 1,
            "name": "minecraft:ice",
            "functions": [
              {
                "function": "set_count",
                "count": {
                  "min": 0,
                  "max": 64
                }
              }
            ]
          },
          {
            "type": "item",
            "weight": 1,
            "name": "minecraft:powder_snow_bucket",
            "functions": [
              {
                "function": "set_count",
                "count": {
                  "min": 0,
                  "max": 3
                }
              }
            ]
          }
        ]
      },
      {
        "rolls": {
          "min": 0,
          "max": 1
        },
        "entries": [
          {
            "type": "item",
            "weight": 2,
            "quality": 1,
            "name": "minecraft:enchanted_book",
            "functions": [
              {
                "function": "set_count",
                "count": 1
              },
              {
                "function": "set_nbt",
                "tag": "{StoredEnchantments:[{id:\"minecraft:frost_walker\",lvl:1s}]}"
              }
            ]
          },
          {
            "type": "item",
            "weight": 1,
            "quality": 1,
            "name": "minecraft:enchanted_book",
            "functions": [
              {
                "function": "set_count",
                "count": 1
              },
              {
                "function": "set_nbt",
                "tag": "{StoredEnchantments:[{id:\"minecraft:frost_walker\",lvl:2s}]}"
              }
            ]
          }
        ]
      },
      {
        "rolls": 1,
        "bonus_rolls": 0,
        "entries": [
          {
            "type": "item",
            "weight": 1,
            "name": "minecraft:warped_fungus_on_a_stick",
            "functions": [
              {
                "function": "set_nbt",
                "tag": "{display:{Name:'{\"text\":\"Ice Staff\",\"color\":\"dark_aqua\",\"bold\":true,\"italic\":false}',Lore:['{\"text\":\"Right click to freeze enemies for 4 seconds and freeze nearby water.\",\"color\":\"dark_aqua\",\"italic\":false}']},CustomModelData:380006,a_triangle.ice_staff:1b}"
              },
              {
                "function": "minecraft:set_nbt",
                "tag": "{ctc: {id: 'ice_staff', from: 'a_triangle:triangle_craft'}, traits: {'tool/weapon': 1b}}"
              }
            ],
            "conditions": [{
              "condition": "minecraft:random_chance",
              "chance": 0.25
            }]
          },
          {
            "type": "item",
            "name": "minecraft:warped_fungus_on_a_stick",
            "functions": [
                {
                    "function": "set_nbt",
                    "tag": "{display:{Name:'{\"text\":\"Ice Rune\",\"color\":\"dark_aqua\",\"bold\":true,\"italic\":false}',Lore:['{\"text\":\"Hold a weapon in your mainhand and a rune in your offhand to apply.\",\"color\":\"dark_aqua\",\"italic\":false}','{\"text\":\"Ice Rune - Freezes enemies for 4 seconds.\",\"color\":\"dark_aqua\",\"italic\":false}']},CustomModelData:380024,a_triangle.ice_rune:1b}"
                },
                {
                  "function": "minecraft:set_nbt",
                  "tag": "{ctc: {id: 'ice_rune', from: 'a_triangle:triangle_craft'}}"
                }
            ],
            "conditions": [{
              "condition": "minecraft:random_chance",
              "chance": 0.25
            }]
          }
        ]},
      {
        "rolls": 0,
        "bonus_rolls": 1,
        "entries": [{
          "type": "item",
          "weight": 1,
          "name": "minecraft:warped_fungus_on_a_stick",
          "functions": [
            {
              "function": "set_nbt",
              "tag": "{display:{Name:'{\"text\":\"Ice Staff\",\"color\":\"dark_aqua\",\"bold\":true,\"italic\":false}',Lore:['{\"text\":\"Right click to freeze enemies for 4 seconds and freeze nearby water.\",\"color\":\"dark_aqua\",\"italic\":false}']},CustomModelData:380006,a_triangle.ice_staff:1b}"
          },
          {
            "function": "minecraft:set_nbt",
            "tag": "{ctc: {id: 'ice_staff', from: 'a_triangle:triangle_craft'}, traits: {'tool/weapon': 1b}}"
          }
          ],
          "conditions": [{
            "condition": "minecraft:random_chance",
            "chance": 0.0625
          }]
        },
        {
          "type": "item",
          "name": "minecraft:warped_fungus_on_a_stick",
          "functions": [
              {
                  "function": "set_nbt",
                  "tag": "{display:{Name:'{\"text\":\"Ice Rune\",\"color\":\"dark_aqua\",\"bold\":true,\"italic\":false}',Lore:['{\"text\":\"Hold a weapon in your mainhand and a rune in your offhand to apply.\",\"color\":\"dark_aqua\",\"italic\":false}','{\"text\":\"Ice Rune - Freezes enemies for 4 seconds.\",\"color\":\"dark_aqua\",\"italic\":false}']},CustomModelData:380024,a_triangle.ice_rune:1b}"
              },
              {
                "function": "minecraft:set_nbt",
                "tag": "{ctc: {id: 'ice_rune', from: 'a_triangle:triangle_craft'}}"
              }
          ],
          "conditions": [{
            "condition": "minecraft:random_chance",
            "chance": 0.0625
          }]
        }]
      }]}