{
    "type": "minecraft:chest",
    "pools": [
        {
            "rolls": {
                "type": "minecraft:uniform",
                "min": 1,
                "max": 3
            },
            "bonus_rolls": {
                "type": "minecraft:uniform",
                "min": 0,
                "max": 1
            },
            "entries": [
                {
                    "weight": 8,
                    "quality": 4,
                    "type": "minecraft:item",
                    "name": "minecraft:potion",
                    "functions": [{
                        "function": "minecraft:set_nbt",
                        "tag": "{display:{Name:'{\"text\":\"Lesser Mana Potion\",\"color\":\"#0000FF\",\"bold\":true,\"italic\":false}',Lore:['{\"text\":\"Drink to regain 4 mana.\",\"color\":\"#0000FF\",\"italic\":false}']},a_triangle.lesser_mana_potion:1b,Potion:\"minecraft:empty\",CustomPotionColor:255,HideFlags:32}"
                    },
                    {
                      "function": "minecraft:set_nbt",
                      "tag": "{ctc: {id: 'lesser_mana_potion', from: 'a_triangle:triangle_craft', traits: {'food': 1b}}}"
                    }]
                },
                {
                    "weight": 4,
                    "quality": 3,
                    "type": "minecraft:item",
                    "name": "minecraft:potion",
                    "functions": [{
                        "function": "minecraft:set_nbt",
                        "tag": "{display:{Name:'{\"text\":\"Mana Potion\",\"color\":\"#0000FF\",\"bold\":true,\"italic\":false}',Lore:['{\"text\":\"Drink to regain 8 mana.\",\"color\":\"#0000FF\",\"italic\":false}']},CustomModelData:380000,a_triangle.mana_potion:1b,Potion:\"minecraft:empty\",CustomPotionColor:255,HideFlags:32}"
                    },
                    {
                      "function": "minecraft:set_nbt",
                      "tag": "{ctc: {id: 'mana_potion', from: 'a_triangle:triangle_craft', traits: {'food': 1b}}}"
                    }]
                },
                {
                    "weight": 2,
                    "quality": 2,
                    "type": "minecraft:item",
                    "name": "minecraft:potion",
                    "functions": [{
                        "function": "minecraft:set_nbt",
                        "tag": "{display:{Name:'{\"text\":\"Greater Mana Potion\",\"color\":\"#0000FF\",\"bold\":true,\"italic\":false}',Lore:['{\"text\":\"Drink to regain 12 mana.\",\"color\":\"#0000FF\",\"italic\":false}']},CustomModelData:380001,a_triangle.greater_mana_potion:1b,Potion:\"minecraft:empty\",CustomPotionColor:255,HideFlags:32}"
                    },
                    {
                      "function": "minecraft:set_nbt",
                      "tag": "{ctc: {id: 'greater_mana_potion', from: 'a_triangle:triangle_craft', traits: {'food': 1b}}}"
                    }]
                },
                {
                    "weight": 1,
                    "quality": 1,
                    "type": "minecraft:item",
                    "name": "minecraft:potion",
                    "functions": [{
                        "function": "minecraft:set_nbt",
                        "tag": "{display:{Name:'{\"text\":\"Super Mana Potion\",\"color\":\"#0000FF\",\"bold\":true,\"italic\":false}',Lore:['{\"text\":\"Drink to regain 16 mana.\",\"color\":\"#0000FF\",\"italic\":false}']},CustomModelData:380002,a_triangle.super_mana_potion:1b,Potion:\"minecraft:empty\",CustomPotionColor:255,HideFlags:32}"
                    },
                    {
                      "function": "minecraft:set_nbt",
                      "tag": "{ctc: {id: 'super_mana_potion', from: 'a_triangle:triangle_craft', traits: {'food': 1b}}}"
                    }]
                },
                {
                    "weight": 1,
                    "quality": 1,
                    "type": "minecraft:item",
                    "name": "minecraft:potion",
                    "functions": [{
                        "function": "minecraft:set_nbt",
                        "tag": "{display:{Name:'{\"text\":\"Mana Regeneration Potion\",\"color\":\"#0000FF\",\"bold\":true,\"italic\":false}',Lore:['{\"text\":\"Drink to increase your mana regeneration for 45 seconds.\",\"color\":\"#0000FF\",\"italic\":false}']},CustomModelData:380003,a_triangle.mana_regeneration_potion:1b,Potion:\"minecraft:empty\",CustomPotionColor:255,HideFlags:32}"
                    },
                    {
                      "function": "minecraft:set_nbt",
                      "tag": "{ctc: {id: 'mana_regeneration_potion', from: 'a_triangle:triangle_craft', traits: {'food': 1b}}}"
                    }]
                }
            ]
        },
        {
            "rolls": {
                "min": 2,
                "max": 4
            },
            "bonus_rolls": {
                "min": 0,
                "max": 2
            },
            "entries": [
                {
                    "type": "minecraft:item",
                    "weight": 1,
                    "name": "minecraft:nether_wart",
                    "functions": [{
                        "function": "minecraft:set_count",
                        "count": {
                            "type": "minecraft:uniform",
                            "min": 1,
                            "max": 3
                        }
                    }]
                },
                {
                    "type": "minecraft:item",
                    "weight": 1,
                    "name": "minecraft:redstone",
                    "functions": [{
                        "function": "minecraft:set_count",
                        "count": {
                            "type": "minecraft:uniform",
                            "min": 1,
                            "max": 3
                        }
                    }]
                },
                {
                    "type": "minecraft:item",
                    "weight": 1,
                    "name": "minecraft:glowstone_dust",
                    "functions": [{
                        "function": "minecraft:set_count",
                        "count": {
                            "type": "minecraft:uniform",
                            "min": 1,
                            "max": 3
                        }
                    }]
                },
                {
                    "type": "minecraft:item",
                    "weight": 1,
                    "name": "minecraft:fermented_spider_eye",
                    "functions": [{
                        "function": "minecraft:set_count",
                        "count": {
                            "type": "minecraft:uniform",
                            "min": 1,
                            "max": 3
                        }
                    }]
                },
                {
                    "type": "minecraft:item",
                    "weight": 1,
                    "name": "minecraft:gunpowder",
                    "functions": [{
                        "function": "minecraft:set_count",
                        "count": {
                            "type": "minecraft:uniform",
                            "min": 1,
                            "max": 3
                        }
                    }]
                },
                {
                    "type": "minecraft:item",
                    "weight": 1,
                    "name": "minecraft:dragon_breath",
                    "functions": [{
                        "function": "minecraft:set_count",
                        "count": {
                            "type": "minecraft:uniform",
                            "min": 1,
                            "max": 3
                        }
                    }]
                },
                {
                    "type": "minecraft:item",
                    "weight": 1,
                    "name": "minecraft:sugar",
                    "functions": [{
                        "function": "minecraft:set_count",
                        "count": {
                            "type": "minecraft:uniform",
                            "min": 1,
                            "max": 3
                        }
                    }]
                },
                {
                    "type": "minecraft:item",
                    "weight": 1,
                    "name": "minecraft:rabbit_foot",
                    "functions": [{
                        "function": "minecraft:set_count",
                        "count": {
                            "type": "minecraft:uniform",
                            "min": 1,
                            "max": 3
                        }
                    }]
                },
                {
                    "type": "minecraft:item",
                    "weight": 1,
                    "name": "minecraft:glistering_melon_slice",
                    "functions": [{
                        "function": "minecraft:set_count",
                        "count": {
                            "type": "minecraft:uniform",
                            "min": 1,
                            "max": 3
                        }
                    }]
                },
                {
                    "type": "minecraft:item",
                    "weight": 1,
                    "name": "minecraft:spider_eye",
                    "functions": [{
                        "function": "minecraft:set_count",
                        "count": {
                            "type": "minecraft:uniform",
                            "min": 1,
                            "max": 3
                        }
                    }]
                },
                {
                    "type": "minecraft:item",
                    "weight": 1,
                    "name": "minecraft:pufferfish",
                    "functions": [{
                        "function": "minecraft:set_count",
                        "count": {
                            "type": "minecraft:uniform",
                            "min": 1,
                            "max": 3
                        }
                    }]
                },
                {
                    "type": "minecraft:item",
                    "weight": 1,
                    "name": "minecraft:magma_cream",
                    "functions": [{
                        "function": "minecraft:set_count",
                        "count": {
                            "type": "minecraft:uniform",
                            "min": 1,
                            "max": 3
                        }
                    }],
                    "conditions": [{
                      "condition": "minecraft:entity_scores",
                      "scores": {
                          "a_triangle.fishing_crates.nether": 0
                      },
                      "entity": "this"
                    }]
                },
                {
                    "type": "minecraft:item",
                    "weight": 1,
                    "name": "minecraft:golden_carrot",
                    "functions": [{
                        "function": "minecraft:set_count",
                        "count": {
                            "type": "minecraft:uniform",
                            "min": 1,
                            "max": 3
                        }
                    }]
                },
                {
                    "type": "minecraft:item",
                    "weight": 1,
                    "name": "minecraft:blaze_powder",
                    "functions": [{
                        "function": "minecraft:set_count",
                        "count": {
                            "type": "minecraft:uniform",
                            "min": 1,
                            "max": 3
                        }
                    }],
                    "conditions": [{
                      "condition": "minecraft:entity_scores",
                      "scores": {
                          "a_triangle.fishing_crates.nether": 0
                      },
                      "entity": "this"
                    }]
                },
                {
                    "type": "minecraft:item",
                    "weight": 1,
                    "name": "minecraft:ghast_tear",
                    "functions": [{
                        "function": "minecraft:set_count",
                        "count": {
                            "type": "minecraft:uniform",
                            "min": 1,
                            "max": 3
                        }
                    }],
                    "conditions": [{
                      "condition": "minecraft:entity_scores",
                      "scores": {
                          "a_triangle.fishing_crates.nether": 0
                      },
                      "entity": "this"
                    }]
                },
                {
                    "type": "minecraft:item",
                    "weight": 1,
                    "name": "minecraft:scute",
                    "functions": [{
                        "function": "minecraft:set_count",
                        "count": {
                            "type": "minecraft:uniform",
                            "min": 1,
                            "max": 3
                        }
                    }]
                },
                {
                    "type": "minecraft:item",
                    "weight": 1,
                    "name": "minecraft:phantom_membrane",
                    "functions": [{
                        "function": "minecraft:set_count",
                        "count": {
                            "type": "minecraft:uniform",
                            "min": 1,
                            "max": 3
                        }
                    }]
                },
                {
                    "type": "minecraft:item",
                    "weight": 1,
                    "name": "minecraft:iron_ingot",
                    "functions": [{
                        "function": "minecraft:set_count",
                        "count": {
                            "type": "minecraft:uniform",
                            "min": 1,
                            "max": 3
                        }
                    }]
                },
                {
                    "type": "minecraft:item",
                    "weight": 1,
                    "name": "minecraft:gold_ingot",
                    "functions": [{
                        "function": "minecraft:set_count",
                        "count": {
                            "type": "minecraft:uniform",
                            "min": 1,
                            "max": 3
                        }
                    }]
                },
                {
                    "type": "minecraft:item",
                    "weight": 1,
                    "name": "minecraft:chorus_fruit",
                    "functions": [{
                        "function": "minecraft:set_count",
                        "count": {
                            "type": "minecraft:uniform",
                            "min": 1,
                            "max": 3
                        }
                    }]
                },
                {
                    "type": "minecraft:item",
                    "weight": 1,
                    "name": "minecraft:nautilus_shell",
                    "functions": [{
                        "function": "minecraft:set_count",
                        "count": {
                            "type": "minecraft:uniform",
                            "min": 1,
                            "max": 3
                        }
                    }]
                },
                {
                    "type": "minecraft:item",
                    "weight": 1,
                    "name": "minecraft:prismarine_crystals",
                    "functions": [{
                        "function": "minecraft:set_count",
                        "count": {
                            "type": "minecraft:uniform",
                            "min": 1,
                            "max": 3
                        }
                    }]
                },
                {
                    "type": "minecraft:item",
                    "weight": 1,
                    "name": "minecraft:red_dye",
                    "functions": [{
                        "function": "minecraft:set_count",
                        "count": {
                            "type": "minecraft:uniform",
                            "min": 1,
                            "max": 3
                        }
                    },
                    {
                      "function": "set_nbt",
                      "tag": "{display:{Name:'{\"italic\":false,\"text\":\"Ruby\",\"color\":\"red\",\"bold\":true}'},CustomModelData:380000}"
                    },
                    {
                      "function": "minecraft:set_nbt",
                      "tag": "{ctc: {id: 'ruby', from: 'a_triangle:triangle_craft', traits: {'ingot': 1b, 'gem/ruby': 1b}}}"
                    }]
                },
                {
                    "type": "minecraft:item",
                    "weight": 1,
                    "name": "minecraft:orange_dye",
                    "functions": [{
                        "function": "minecraft:set_count",
                        "count": {
                            "type": "minecraft:uniform",
                            "min": 1,
                            "max": 3
                        }
                    },
                    {
                      "function": "set_nbt",
                      "tag": "{display:{Name:'{\"italic\":false,\"text\":\"Amber\",\"color\":\"#FF8000\",\"bold\":true}'},CustomModelData:380000}"
                    },
                    {
                      "function": "minecraft:set_nbt",
                      "tag": "{ctc: {id: 'amber', from: 'a_triangle:triangle_craft', traits: {'ingot': 1b, 'gem/amber': 1b}}}"
                    }]
                },
                {
                    "type": "minecraft:item",
                    "weight": 1,
                    "name": "minecraft:yellow_dye",
                    "functions": [{
                        "function": "minecraft:set_count",
                        "count": {
                            "type": "minecraft:uniform",
                            "min": 1,
                            "max": 3
                        }
                    },
                    {
                      "function": "set_nbt",
                      "tag": "{display:{Name:'{\"italic\":false,\"text\":\"Topaz\",\"color\":\"yellow\",\"bold\":true}'},CustomModelData:380000}"
                    },
                    {
                      "function": "minecraft:set_nbt",
                      "tag": "{ctc: {id: 'topaz', from: 'a_triangle:triangle_craft', traits: {'ingot': 1b, 'gem/topaz': 1b}}}"
                    }]
                },
                {
                    "type": "minecraft:item",
                    "weight": 1,
                    "name": "minecraft:blue_dye",
                    "functions": [{
                        "function": "minecraft:set_count",
                        "count": {
                            "type": "minecraft:uniform",
                            "min": 1,
                            "max": 3
                        }
                    },
                    {
                      "function": "set_nbt",
                      "tag": "{display:{Name:'{\"italic\":false,\"text\":\"Sapphire\",\"color\":\"dark_blue\",\"bold\":true}'},CustomModelData:380000}"
                    },
                    {
                      "function": "minecraft:set_nbt",
                      "tag": "{ctc: {id: 'sapphire', from: 'a_triangle:triangle_craft', traits: {'ingot': 1b, 'gem/sapphire': 1b}}}"
                    }]
                },
                {
                    "type": "minecraft:item",
                    "weight": 1,
                    "name": "minecraft:amethyst_shard",
                    "functions": [{
                        "function": "minecraft:set_count",
                        "count": {
                            "type": "minecraft:uniform",
                            "min": 1,
                            "max": 3
                        }
                    }]
                },
                {
                    "type": "minecraft:item",
                    "weight": 1,
                    "name": "minecraft:diamond",
                    "functions": [{
                        "function": "minecraft:set_count",
                        "count": {
                            "type": "minecraft:uniform",
                            "min": 1,
                            "max": 3
                        }
                    }]
                },
                {
                  "type": "minecraft:empty",
                  "weight": 3,
                  "conditions": [{
                    "condition": "minecraft:inverted",
                    "term": {
                      "condition": "minecraft:entity_scores",
                      "scores": {
                          "a_triangle.fishing_crates.nether": 0
                      },
                      "entity": "this"
                  }}]
                }
            ]
        },
        {
            "rolls": 1,
            "entries": [{
                "type": "minecraft:item",
                "name": "minecraft:book",
                "functions": [{
                    "function": "minecraft:enchant_randomly"
                }]
            }]
        },
        {
            "rolls": 1,
            "entries": [{
                "type": "minecraft:item",
                "name": "minecraft:book",
                "functions": [{
                    "function": "minecraft:set_count",
                    "count": {
                        "min": 0,
                        "max": 6
                    }
                }]
            }]
        },
        {
            "rolls": 0,
            "bonus_rolls": 1,
            "entries": [{
                "type": "minecraft:item",
                "name": "minecraft:book",
                "functions": [{
                    "function": "minecraft:set_count",
                    "count": {
                        "min": 0,
                        "max": 2
                    }
                }]
            }]
        },
        {
            "rolls": {
                "type": "minecraft:uniform",
                "min": 0,
                "max": 1
            },
            "entries": [
              {
                "type": "item",
                "weight": 1,
                "name": "minecraft:player_head",
                "functions": [
                    {
                    "function": "set_count",
                    "count": 1
                    },
                    {
                    "function": "set_nbt",
                    "tag": "{display:{Name:'{\"text\":\"Mana Hood\",\"color\":\"#0000FF\",\"bold\":true,\"italic\":false}',Lore:['{\"text\":\"Increases mana regeneration.\",\"color\":\"#0000FF\",\"italic\":false}']},Unbreakable:1b,a_triangle.mana_boosting:1b,AttributeModifiers:[{AttributeName:\"generic.armor\",Name:\"generic.armor\",Amount:2,Operation:0,UUID:[I;982116409,1626096686,-1259502935,-1488296310],Slot:\"head\"}],SkullOwner:{Id:[I;-238284530,1919240605,-1361580584,1798622527],Properties:{textures:[{Value:\"eyJ0ZXh0dXJlcyI6eyJTS0lOIjp7InVybCI6Imh0dHA6Ly90ZXh0dXJlcy5taW5lY3JhZnQubmV0L3RleHR1cmUvYTE0YTZhZmEzNmM5N2M1MzE5ZWFmNTVkZTI0Y2JlN2UwNjc5ZjUwZTJhMTNkY2ZmOWUzZGE0MDg0Mzk3YTBjNiJ9fX0=\"}]}}}"
                    },
                    {
                      "function": "minecraft:set_nbt",
                      "tag": "{ctc: {id: 'mana_hood', from: 'a_triangle:triangle_craft'}, traits: {'armor': 1b}}"
                    }
                ]
              },
              {
                "type": "item",
                "weight": 1,
                "name": "minecraft:leather_chestplate",
                "functions": [
                    {
                    "function": "set_count",
                    "count": 1
                    },
                    {
                    "function": "set_nbt",
                    "tag": "{display:{Name:'{\"text\":\"Mana Robe\",\"color\":\"#0000FF\",\"bold\":true,\"italic\":false}',Lore:['{\"text\":\"Increases mana regeneration.\",\"color\":\"#0000FF\",\"italic\":false}'],color:255},HideFlags:64,Unbreakable:1b,CustomModelData:380000,a_triangle.mana_boosting:1b,AttributeModifiers:[{AttributeName:\"generic.armor\",Name:\"generic.armor\",Amount:5,Operation:0,UUID:[I;318702540,-2085207650,-2034359189,30319182],Slot:\"chest\"}]}"
                    },
                    {
                      "function": "minecraft:set_nbt",
                      "tag": "{ctc: {id: 'mana_robe', from: 'a_triangle:triangle_craft'}, traits: {'armor': 1b}}"
                    }
                ]
              },
              {
                "type": "item",
                "weight": 1,
                "name": "minecraft:leather_leggings",
                "functions": [
                  {
                    "function": "set_count",
                    "count": 1
                  },
                  {
                    "function": "set_nbt",
                    "tag": "{display:{Name:'{\"text\":\"Mana Leggings\",\"color\":\"#0000FF\",\"bold\":true,\"italic\":false}',Lore:['{\"text\":\"Increases mana regeneration.\",\"color\":\"#0000FF\",\"italic\":false}'],color:255},HideFlags:64,Unbreakable:1b,CustomModelData:380000,a_triangle.mana_boosting:1b,AttributeModifiers:[{AttributeName:\"generic.armor\",Name:\"generic.armor\",Amount:3,Operation:0,UUID:[I;2042030244,551699178,-2068986461,2127961489],Slot:\"legs\"}]}"
                  },
                  {
                    "function": "minecraft:set_nbt",
                    "tag": "{ctc: {id: 'mana_leggings', from: 'a_triangle:triangle_craft'}, traits: {'armor': 1b}}"
                  }
                ]
              },
              {
                "type": "item",
                "weight": 1,
                "name": "minecraft:leather_boots",
                "functions": [
                  {
                    "function": "set_count",
                    "count": 1
                  },
                  {
                    "function": "set_nbt",
                    "tag": "{display:{Name:'{\"text\":\"Mana Boots\",\"color\":\"#0000FF\",\"bold\":true,\"italic\":false}',Lore:['{\"text\":\"Increases mana regeneration.\",\"color\":\"#0000FF\",\"italic\":false}'],color:255},HideFlags:64,Unbreakable:1b,CustomModelData:380000,a_triangle.mana_boosting:1b,AttributeModifiers:[{AttributeName:\"generic.armor\",Name:\"generic.armor\",Amount:1,Operation:0,UUID:[I;-270338393,515591284,-1847458495,-454299917],Slot:\"feet\"}]}"
                  },
                  {
                    "function": "minecraft:set_nbt",
                    "tag": "{ctc: {id: 'mana_boots', from: 'a_triangle:triangle_craft'}, traits: {'armor': 1b}}"
                  }
                ]
              },
              {
                "type": "item",
                "weight": 1,
                "name": "minecraft:shield",
                "functions": [
                  {
                    "function": "set_count",
                    "count": 1
                  },
                  {
                    "function": "set_nbt",
                    "tag": "{display:{Name:'{\"text\":\"Mana Shield\",\"color\":\"#0000FF\",\"bold\":true,\"italic\":false}',Lore:['{\"text\":\"Increases mana regeneration.\",\"color\":\"#0000FF\",\"italic\":false}']},HideFlags:32,Unbreakable:1b,a_triangle.mana_boosting:1b,BlockEntityTag:{Base:3,Patterns:[{Color:11,Pattern:\"bs\"},{Color:3,Pattern:\"sku\"},{Color:11,Pattern:\"hh\"},{Color:3,Pattern:\"cr\"},{Color:11,Pattern:\"ts\"},{Color:11,Pattern:\"cbo\"}]}}"
                  },
                  {
                    "function": "minecraft:set_nbt",
                    "tag": "{ctc: {id: 'mana_shield', from: 'a_triangle:triangle_craft'}, traits: {'armor': 1b}}"
                  }
                ]
              }
            ]
          },
          {
              "rolls": 1,
              "entries": [{
                  "conditions": [
                    {
                        "condition": "minecraft:random_chance",
                        "chance": 0.1
                    }
                  ],
                  "type": "minecraft:item",
                  "name": "minecraft:blue_dye",
                  "functions": [{
                      "function": "minecraft:set_nbt",
                      "tag": "{display:{Name:'{\"text\":\"Suspicious Looking Orb\",\"color\":\"dark_blue\",\"bold\":true,\"italic\":false}',Lore:['[{\"text\":\"\uE380 \",\"color\":\"white\",\"italic\":false},{\"text\":\"Throw on the ground to activate.\",\"color\":\"dark_blue\",\"italic\":false}]']},CustomModelData:380001,a_triangle.suspicious_looking_orb:1b}"
                  },
                  {
                    "function": "minecraft:set_nbt",
                    "tag": "{ctc: {id: 'suspicious_looking_orb', from: 'a_triangle:triangle_craft'}}"
                  }]
              }]
          },
          {
              "rolls": 0,
              "bonus_rolls": 1,
              "entries": [{
                  "conditions": [
                    {
                        "condition": "minecraft:random_chance",
                        "chance": 0.025
                    }
                  ],
                  "type": "minecraft:item",
                  "name": "minecraft:blue_dye",
                  "functions": [{
                      "function": "minecraft:set_nbt",
                      "tag": "{display:{Name:'{\"text\":\"Suspicious Looking Orb\",\"color\":\"dark_blue\",\"bold\":true,\"italic\":false}',Lore:['[{\"text\":\"\uE380 \",\"color\":\"white\",\"italic\":false},{\"text\":\"Throw on the ground to activate.\",\"color\":\"dark_blue\",\"italic\":false}]']},CustomModelData:380001,a_triangle.suspicious_looking_orb:1b}"
                  },
                  {
                    "function": "minecraft:set_nbt",
                    "tag": "{ctc: {id: 'suspicious_looking_orb', from: 'a_triangle:triangle_craft'}}"
                  }]
              }]
          }
        ]
      }