{
    "type": "minecraft:generic",
    "pools": [{
        "rolls": 1,
        "entries": [{
            "type": "minecraft:tag",
            "name": "minecraft:creeper_drop_music_discs",
            "weight": 4,
            "expand": true
          },
        {
            "type": "minecraft:item",
            "name": "minecraft:music_disc_pigstep",
            "weight": 1,
            "conditions": [{
              "condition": "minecraft:entity_scores",
              "scores": {
                  "a_triangle.fishing_crates.nether": 0
              },
              "entity": "this"
            }]
        },
        {
            "type": "minecraft:item",
            "name": "minecraft:music_disc_otherside",
            "weight": 1
        },
        {
            "type": "minecraft:item",
            "name": "minecraft:disc_fragment_5",
            "weight": 9
        },
        {
            "type": "minecraft:item",
            "name": "minecraft:goat_horn",
            "weight": 32,
            "functions": [
              {
                "function": "minecraft:set_instrument",
                "options": "#minecraft:regular_goat_horns"
              }
            ]
        },
        {
            "type": "minecraft:item",
            "name": "minecraft:goat_horn",
            "weight": 16,
            "functions": [
              {
                "function": "minecraft:set_instrument",
                "options": "#minecraft:screaming_goat_horns"
              }
            ]
        }
]}]}