{
    "type": "minecraft:fishing",
    "pools": [{
      "rolls": 1,
      "entries": [{
        "type": "minecraft:loot_table",
        "name": "a_triangle:fishing_crates/reel"
      }]
    },
    {
      "rolls": 0,
      "bonus_rolls": 1,
      "entries": [{
        "type": "minecraft:loot_table",
        "name": "a_triangle:fishing_crates/reel",
        "conditions": [{
          "condition": "minecraft:random_chance",
          "chance": 0.25
        }]
      }]
    },
    {
      "rolls": 1,
      "entries": [
        {
          "type": "minecraft:alternatives",
          "children": [
            {
              "type": "minecraft:item",
              "conditions": [
                {
                  "condition": "minecraft:random_chance",
                  "chance": 0.5
                },
                {
                  "condition": "minecraft:match_tool",
                  "predicate": {
                    "enchantments": [
                      {
                        "enchantment": "minecraft:power",
                        "levels": 1
                      }
                    ]
                  }
                }
              ],
              "name": "minecraft:warped_fungus_on_a_stick",
              "functions": [
                {
                  "function": "set_count",
                  "count": 1
                },
                {
                  "function": "set_nbt",
                  "tag": "{display:{Name:'{\"italic\":false,\"text\":\"Slime Crate\",\"color\":\"#80FF00\",\"bold\":true}'},a_triangle.slime_crate:1b,CustomModelData:380040}"
                },
                {
                  "function": "minecraft:set_nbt",
                  "tag": "{ctc: {id: 'slime_crate', from: 'a_triangle:triangle_craft'}}"
                }
              ]
            }
          ]
        }
      ]
    },
  {
  "rolls": 1,
  "entries": [
  {
    "type": "minecraft:item",
    "name": "minecraft:fishing_rod",
    "weight": 1,
    "functions": [
      {
        "function": "set_nbt",
        "tag": "{CustomModelData:380001,display:{Name:'{\"text\":\"Sculk Rod\",\"color\":\"#29DFEB\",\"bold\":true,\"italic\":false}',Lore:['{\"text\":\"Fishes up deep dark crates.\",\"color\":\"#29DFEB\",\"italic\":false}']},Enchantments:[{id:\"minecraft:luck_of_the_sea\",lvl:2s}]}"
      },
      {
        "function": "minecraft:set_nbt",
        "tag": "{ctc: {id: 'sculk_rod', from: 'a_triangle:triangle_craft'}}"
      }
    ],
    "conditions": [{
      "condition": "minecraft:match_tool",
      "predicate": {
        "enchantments":[
          {
            "enchantment": "minecraft:luck_of_the_sea",
            "levels": 8
          }
        ]
      }
    },
    {
      "condition": "minecraft:random_chance",
      "chance": 0.1
    }]
  },
  {
    "type": "item",
    "weight": 2,
    "name": "minecraft:potion",
    "functions": [
      {
        "function": "set_count",
        "count": 1
      },
      {
        "function": "set_nbt",
        "tag": "{CustomPotionEffects:[{Id:26b,Amplifier:0b,Duration:3600}],Potion:\"minecraft:empty\",CustomPotionColor:3381504}"
      },
      {
        "function": "set_name",
        "name": [
          {
            "italic": false,
                    "text": "Luck Potion I",
            "color": "dark_green",
            "bold": true
          }
        ]
      },
      {
        "function": "minecraft:set_nbt",
        "tag": "{ctc: {id: 'luck_potion_1', from: 'a_triangle:triangle_craft'}, traits: {'food': 1b}}"
      }
    ],
    "conditions": [{
      "condition": "minecraft:match_tool",
      "predicate": {
        "enchantments":[
          {
            "enchantment": "minecraft:luck_of_the_sea",
            "levels": 1
          }
        ]
      }
    },
    {
      "condition": "minecraft:random_chance",
      "chance": 0.2
    }
  ]
  }
  ]
  },
  {
  "rolls": 1,
  "entries": [
  {
    "type": "minecraft:item",
    "name": "minecraft:fishing_rod",
    "weight": 1,
    "functions": [
      {
        "function": "set_nbt",
        "tag": "{Enchantments:[{id:\"minecraft:luck_of_the_sea\",lvl:3s}]}"
      }
    ],
    "conditions": [{
      "condition": "minecraft:match_tool",
      "predicate": {
        "enchantments":[
          {
            "enchantment": "minecraft:luck_of_the_sea",
            "levels": 2
          }
        ]
      }
    },
    {
      "condition": "minecraft:random_chance",
      "chance": 0.1
    }]
  },
  {
    "type": "item",
    "weight": 2,
    "name": "minecraft:potion",
    "functions": [
      {
        "function": "set_count",
        "count": 1
      },
      {
        "function": "set_nbt",
        "tag": "{CustomPotionEffects:[{Id:26b,Amplifier:1b,Duration:3600}],Potion:\"minecraft:empty\",CustomPotionColor:3381504}"
      },
      {
        "function": "minecraft:set_nbt",
        "tag": "{ctc: {id: 'luck_potion_2', from: 'a_triangle:triangle_craft'}, traits: {'food': 1b}}"
      },
      {
        "function": "set_name",
        "name": [
          {
            "italic": false,
                    "text": "Luck Potion II",
            "color": "dark_green",
            "bold": true
          }
        ]
      }
    ],
    "conditions": [{
      "condition": "minecraft:match_tool",
      "predicate": {
        "enchantments":[
          {
            "enchantment": "minecraft:luck_of_the_sea",
            "levels": 2
          }
        ]
      }
    },
    {
      "condition": "minecraft:random_chance",
      "chance": 0.2
    }
  ]
  }
  ]
  },
  {
  "rolls": 1,
  "entries": [
  {
    "type": "minecraft:item",
    "name": "minecraft:fishing_rod",
    "weight": 1,
    "functions": [
      {
        "function": "set_nbt",
        "tag": "{Enchantments:[{id:\"minecraft:luck_of_the_sea\",lvl:4s}]}"
      }
    ],
    "conditions": [{
      "condition": "minecraft:match_tool",
      "predicate": {
        "enchantments":[
          {
            "enchantment": "minecraft:luck_of_the_sea",
            "levels": 3
          }
        ]
      }
    },
    {
      "condition": "minecraft:random_chance",
      "chance": 0.1
    }]
  },
  {
    "type": "item",
    "weight": 2,
    "name": "minecraft:potion",
    "functions": [
      {
        "function": "set_count",
        "count": 1
      },
      {
        "function": "set_nbt",
        "tag": "{CustomPotionEffects:[{Id:26b,Amplifier:2b,Duration:3600}],Potion:\"minecraft:empty\",CustomPotionColor:3381504,CustomModelData:380000}"
      },
      {
        "function": "minecraft:set_nbt",
        "tag": "{ctc: {id: 'luck_potion_3', from: 'a_triangle:triangle_craft'}, traits: {'food': 1b}}"
      },
      {
        "function": "set_name",
        "name": [
          {
            "italic": false,
                    "text": "Luck Potion III",
            "color": "dark_green",
            "bold": true
          }
        ]
      }
    ],
    "conditions": [{
      "condition": "minecraft:match_tool",
      "predicate": {
        "enchantments":[
          {
            "enchantment": "minecraft:luck_of_the_sea",
            "levels": 3
          }
        ]
      }
    },
    {
      "condition": "minecraft:random_chance",
      "chance": 0.2
    }
  ]
  }
  ]
  },
  {
  "rolls": 1,
  "entries": [
  {
    "type": "minecraft:item",
    "name": "minecraft:fishing_rod",
    "weight": 1,
    "functions": [
      {
        "function": "set_nbt",
        "tag": "{Enchantments:[{id:\"minecraft:luck_of_the_sea\",lvl:5s}]}"
      }
    ],
    "conditions": [{
      "condition": "minecraft:match_tool",
      "predicate": {
        "enchantments":[
          {
            "enchantment": "minecraft:luck_of_the_sea",
            "levels": 4
          }
        ]
      }
    },
    {
      "condition": "minecraft:random_chance",
      "chance": 0.1
    }]
  },
  {
    "type": "item",
     "weight": 2,
    "name": "minecraft:potion",
    "functions": [
      {
        "function": "set_count",
        "count": 1
      },
      {
        "function": "set_nbt",
        "tag": "{CustomPotionEffects:[{Id:26b,Amplifier:3b,Duration:3600}],Potion:\"minecraft:empty\",CustomPotionColor:3381504,CustomModelData:380000}"
      },
      {
        "function": "minecraft:set_nbt",
        "tag": "{ctc: {id: 'luck_potion_4', from: 'a_triangle:triangle_craft'}, traits: {'food': 1b}}"
      },
      {
        "function": "set_name",
        "name": [
          {
            "italic": false,
                    "text": "Luck Potion IV",
            "color": "dark_green",
            "bold": true
          }
        ]
      }
    ],
    "conditions": [{
      "condition": "minecraft:match_tool",
      "predicate": {
        "enchantments":[
          {
            "enchantment": "minecraft:luck_of_the_sea",
            "levels": 4
          }
        ]
      }
    },
    {
      "condition": "minecraft:random_chance",
      "chance": 0.2
    }
  ]
  }
  ]
  },
  {
  "rolls": 1,
  "entries": [
  {
    "type": "minecraft:item",
    "name": "minecraft:fishing_rod",
    "weight": 1,
    "functions": [
      {
        "function": "set_nbt",
        "tag": "{Enchantments:[{id:\"minecraft:luck_of_the_sea\",lvl:6s}]}"
      }
    ],
    "conditions": [{
      "condition": "minecraft:match_tool",
      "predicate": {
        "enchantments":[
          {
            "enchantment": "minecraft:luck_of_the_sea",
            "levels": 5
          }
        ]
      }
    },
    {
      "condition": "minecraft:random_chance",
      "chance": 0.1
    }]
  },
  {
    "type": "item",
    "weight": 2,
    "name": "minecraft:potion",
    "functions": [
      {
        "function": "set_count",
        "count": 1
      },
      {
        "function": "set_nbt",
        "tag": "{CustomPotionEffects:[{Id:26b,Amplifier:4b,Duration:3600}],Potion:\"minecraft:empty\",CustomPotionColor:3381504,CustomModelData:380001}"
      },
      {
        "function": "minecraft:set_nbt",
        "tag": "{ctc: {id: 'luck_potion_5', from: 'a_triangle:triangle_craft'}, traits: {'food': 1b}}"
      },
      {
        "function": "set_name",
        "name": [
          {
            "italic": false,
                    "text": "Luck Potion V",
            "color": "dark_green",
            "bold": true
          }
        ]
      }
    ],
    "conditions": [{
      "condition": "minecraft:match_tool",
      "predicate": {
        "enchantments":[
          {
            "enchantment": "minecraft:luck_of_the_sea",
            "levels": 5
          }
        ]
      }
    },
    {
      "condition": "minecraft:random_chance",
      "chance": 0.2
    }
  ]
  }
  ]
  },
  {
  "rolls": 1,
  "entries": [
  {
    "type": "minecraft:item",
    "name": "minecraft:fishing_rod",
    "weight": 1,
    "functions": [
      {
        "function": "set_nbt",
        "tag": "{Enchantments:[{id:\"minecraft:luck_of_the_sea\",lvl:7s}]}"
      }
    ],
    "conditions": [{
      "condition": "minecraft:match_tool",
      "predicate": {
        "enchantments":[
          {
            "enchantment": "minecraft:luck_of_the_sea",
            "levels": 6
          }
        ]
      }
    },
    {
      "condition": "minecraft:random_chance",
      "chance": 0.1
    }]
  },
  {
    "type": "item",
    "weight": 2,
    "name": "minecraft:potion",
    "functions": [
      {
        "function": "set_count",
        "count": 1
      },
      {
        "function": "set_nbt",
        "tag": "{CustomPotionEffects:[{Id:26b,Amplifier:5b,Duration:3600}],Potion:\"minecraft:empty\",CustomPotionColor:3381504,CustomModelData:380001}"
      },
      {
        "function": "minecraft:set_nbt",
        "tag": "{ctc: {id: 'luck_potion_6', from: 'a_triangle:triangle_craft'}, traits: {'food': 1b}}"
      },
      {
        "function": "set_name",
        "name": [
          {
            "italic": false,
                    "text": "Luck Potion VI",
            "color": "dark_green",
            "bold": true
          }
        ]
      }
    ],
    "conditions": [{
      "condition": "minecraft:match_tool",
      "predicate": {
        "enchantments":[
          {
            "enchantment": "minecraft:luck_of_the_sea",
            "levels": 6
          }
        ]
      }
    },
    {
      "condition": "minecraft:random_chance",
      "chance": 0.2
    }
  ]
  }
  ]
  },
  {
  "rolls": 1,
  "entries": [
  {
    "type": "minecraft:item",
    "name": "minecraft:fishing_rod",
    "weight": 1,
    "functions": [
      {
        "function": "set_nbt",
        "tag": "{Enchantments:[{id:\"minecraft:luck_of_the_sea\",lvl:8s}]}"
      }
    ],
    "conditions": [{
      "condition": "minecraft:match_tool",
      "predicate": {
        "enchantments":[
          {
            "enchantment": "minecraft:luck_of_the_sea",
            "levels": 7
          }
        ]
      }
    },
    {
      "condition": "minecraft:random_chance",
      "chance": 0.1
    }]
  },
  {
    "type": "item",
    "weight": 2,
    "name": "minecraft:potion",
    "functions": [
      {
        "function": "set_count",
        "count": 1
      },
      {
        "function": "set_nbt",
        "tag": "{CustomPotionEffects:[{Id:26b,Amplifier:6b,Duration:3600}],Potion:\"minecraft:empty\",CustomPotionColor:3381504,CustomModelData:380002}"
      },
      {
        "function": "minecraft:set_nbt",
        "tag": "{ctc: {id: 'luck_potion_7', from: 'a_triangle:triangle_craft'}, traits: {'food': 1b}}"
      },
      {
        "function": "set_name",
        "name": [
          {
            "italic": false,
                    "text": "Luck Potion VII",
            "color": "dark_green",
            "bold": true
          }
        ]
      }
    ],
    "conditions": [{
      "condition": "minecraft:match_tool",
      "predicate": {
        "enchantments":[
          {
            "enchantment": "minecraft:luck_of_the_sea",
            "levels": 7
          }
        ]
      }
    },
    {
      "condition": "minecraft:random_chance",
      "chance": 0.2
    }
  ]
  }
  ]
  },
  {
  "rolls": 1,
  "entries": [
  {
    "type": "minecraft:item",
    "name": "minecraft:fishing_rod",
    "weight": 1,
    "functions": [
      {
        "function": "set_nbt",
        "tag": "{Enchantments:[{id:\"minecraft:luck_of_the_sea\",lvl:8s}]}"
      }
    ],
    "conditions": [{
      "condition": "minecraft:match_tool",
      "predicate": {
        "enchantments":[
          {
            "enchantment": "minecraft:luck_of_the_sea",
            "levels": 8
          }
        ]
      }
    },
    {
      "condition": "minecraft:random_chance",
      "chance": 0.1
    }]
  },
  {
    "type": "item",
    "weight": 2,
    "name": "minecraft:potion",
    "functions": [
      {
        "function": "set_count",
        "count": 1
      },
      {
        "function": "set_nbt",
        "tag": "{CustomPotionEffects:[{Id:26b,Amplifier:7b,Duration:3600}],Potion:\"minecraft:empty\",CustomPotionColor:3381504,CustomModelData:380002}"
      },
      {
        "function": "minecraft:set_nbt",
        "tag": "{ctc: {id: 'luck_potion_8', from: 'a_triangle:triangle_craft'}, traits: {'food': 1b}}"
      },
      {
        "function": "set_name",
        "name": [
          {
            "italic": false,
                    "text": "Luck Potion VIII",
            "color": "dark_green",
            "bold": true
          }
        ]
      }
    ],
    "conditions": [{
      "condition": "minecraft:match_tool",
      "predicate": {
        "enchantments":[
          {
            "enchantment": "minecraft:luck_of_the_sea",
            "levels": 8
          }
        ]
      }
    },
    {
      "condition": "minecraft:random_chance",
      "chance": 0.2
    }
  ]
  },
  {
    "type": "minecraft:item",
    "name": "minecraft:fishing_rod",
    "weight": 1,
    "functions": [
      {
        "function": "set_nbt",
        "tag": "{display:{Name:'{\"text\":\"Sculk Rod\",\"color\":\"#29DFEB\",\"bold\":true,\"italic\":false}',Lore:['{\"text\":\"Fishes up deep dark crates.\",\"color\":\"#29DFEB\",\"italic\":false}']},CustomModelData:380001,Enchantments:[{id:\"minecraft:power\",lvl:2s}]}"
      },
      {
        "function": "minecraft:set_nbt",
        "tag": "{ctc: {id: 'sculk_rod', from: 'a_triangle:triangle_craft'}}"
      }
    ],
    "conditions": [{
      "condition": "minecraft:match_tool",
      "predicate": {
        "enchantments":[
          {
            "enchantment": "minecraft:luck_of_the_sea",
            "levels": 8
          }
        ]
      }
    },
    {
      "condition": "minecraft:random_chance",
      "chance": 0.05
    }]
  }
  ]
  }]
  }