{
    "type": "fishing",
    "pools": [
      {
        "rolls": 1,
        "entries": [
          {
            "type": "minecraft:item",
            "functions": [
              {
                "function": "minecraft:exploration_map",
                "decoration": "red_x",
                "zoom": 1,
                "skip_existing_chunks": false
              },
              {
                "function": "set_name",
                "name": {
                  "translate": "filled_map.buried_treasure"
                }
              }
            ],
            "name": "minecraft:map",
            "weight": 2,
            "quality": 0
          },
          {
           "type": "item",
           "weight": 2,
           "quality": 2,
           "name": "minecraft:rabbit_hide",
           "functions": [
             {
               "function": "set_count",
               "count": 1
             }
           ]
         },
         {
          "type": "item",
          "weight": 2,
          "quality": 2,
          "name": "minecraft:glow_ink_sac",
          "functions": [
            {
              "function": "set_count",
              "count": 1
            }
          ]
        },
          {
            "type": "minecraft:loot_table",
            "name": "a_triangle:fishing_crates/music",
            "weight": 1,
            "quality": 1
          },          
          {
            "type": "item",
            "weight": 8,
            "quality": -1,
            "name": "minecraft:potion",
            "conditions": [],
            "functions": [
              {
                "function": "set_nbt",
                "tag": "{Potion:\"minecraft:healing\"}"
              }
            ]
          },
          {
            "type": "item",
            "weight": 2,
            "quality": 0,
            "name": "minecraft:cod",
            "functions": [
              {
                "function": "set_count",
                "count": 1
              },
              {
                "function": "set_nbt",
                "tag": "{Enchantments:[{id:\"minecraft:knockback\",lvl:4s}]}"
              },
              {
                "function": "minecraft:set_nbt",
                "tag": "{ctc: {id: 'slap_fish', from: 'a_triangle:triangle_craft'}, traits: {'food': 1b, 'tool/weapon': 1b}}"
              },
              {
                "function": "set_name",
                "name": [
                  {
                    "italic": false,
                      "text": "Slap Fish",
                    "color": "dark_aqua",
                    "bold": true
                  }
                ]
              }
            ]
          },
          {
            "type": "minecraft:loot_table",
            "weight": 2,
            "quality": 4,
            "name": "a_triangle:fishing_crates/crate_list"
          },
          {
            "type": "item",
            "weight": 2,
            "quality": 0,
            "name": "minecraft:leather_helmet",
            "functions": [
              {
                "function": "set_count",
                "count": 1
              },
              {
                "function": "set_nbt",
                "tag": "{CustomModelData:380000,HideFlags:64,Unbreakable:1b,display:{color:16711680},Enchantments:[{id:\"minecraft:thorns\",lvl:3s}]}"
              },
              {
                "function": "minecraft:set_nbt",
                "tag": "{ctc: {id: 'sea_urchin_helmet', from: 'a_triangle:triangle_craft'}, traits: {'armor': 1b}}"
              },
              {
                "function": "set_damage",
                "damage": {
                  "min": 0.1,
                  "max": 1
                }
              },
              {
                "function": "set_name",
                "name": [
                  {
                    "italic": false,
                      "text": "Sea Urchin Helmet",
                    "color": "red",
                    "bold": true
                  }
                ]
              },
              {
                "function": "set_lore",
                "lore": [
                  {
                    "italic": false,
                      "text": "Damages attackers.",
                    "color": "red"
                  }
                ]
              }
            ]
          },
          {
            "type": "item",
            "weight": 2,
            "quality": 0,
            "name": "minecraft:leather_chestplate",
            "functions": [
              {
                "function": "set_count",
                "count": 1
              },
              {
                "function": "set_nbt",
                "tag": "{CustomModelData:380000,HideFlags:64,Unbreakable:1b,display:{color:16711680},Enchantments:[{id:\"minecraft:thorns\",lvl:3s}]}"
              },
              {
                "function": "minecraft:set_nbt",
                "tag": "{ctc: {id: 'sea_urchin_chestplate', from: 'a_triangle:triangle_craft'}, traits: {'armor': 1b}}"
              },
              {
                "function": "set_damage",
                "damage": {
                  "min": 0.1,
                  "max": 1
                }
              },
              {
                "function": "set_name",
                "name": [
                  {
                    "italic": false,
                      "text": "Sea Urchin Chestplate",
                    "color": "red",
                    "bold": true
                  }
                ]
              },
              {
                "function": "set_lore",
                "lore": [
                  {
                    "italic": false,
                      "text": "Damages attackers.",
                    "color": "red"
                  }
                ]
              }
            ]
          },
          {
            "type": "item",
            "weight": 2,
            "quality": 0,
            "name": "minecraft:leather_leggings",
            "functions": [
              {
                "function": "set_count",
                "count": 1
              },
              {
                "function": "set_nbt",
                "tag": "{CustomModelData:380000,HideFlags:64,Unbreakable:1b,display:{color:16711680},Enchantments:[{id:\"minecraft:thorns\",lvl:3s}]}"
              },
              {
                "function": "minecraft:set_nbt",
                "tag": "{ctc: {id: 'sea_urchin_leggings', from: 'a_triangle:triangle_craft'}, traits: {'armor': 1b}}"
              },
              {
                "function": "set_damage",
                "damage": {
                  "min": 0.1,
                  "max": 1
                }
              },
              {
                "function": "set_name",
                "name": [
                  {
                    "italic": false,
                      "text": "Sea Urchin Leggings",
                    "color": "red",
                    "bold": true
                  }
                ]
              },
              {
                "function": "set_lore",
                "lore": [
                  {
                    "italic": false,
                      "text": "Damages attackers.",
                    "color": "red"
                  }
                ]
              }
            ]
          },
          {
            "type": "item",
            "weight": 2,
            "quality": 0,
            "name": "minecraft:leather_boots",
            "functions": [
              {
                "function": "set_count",
                "count": 1
              },
              {
                "function": "set_nbt",
                "tag": "{CustomModelData:380000,HideFlags:64,Unbreakable:1b,display:{color:16711680},Enchantments:[{id:\"minecraft:thorns\",lvl:3s}]}"
              },
              {
                "function": "minecraft:set_nbt",
                "tag": "{ctc: {id: 'sea_urchin_boots', from: 'a_triangle:triangle_craft'}, traits: {'armor': 1b}}"
              },
              {
                "function": "set_damage",
                "damage": {
                  "min": 0.1,
                  "max": 1
                }
              },
              {
                "function": "set_name",
                "name": [
                  {
                    "italic": false,
                      "text": "Sea Urchin Boots",
                    "color": "red",
                    "bold": true
                  }
                ]
              },
              {
                "function": "set_lore",
                "lore": [
                  {
                    "italic": false,
                      "text": "Damages attackers.",
                    "color": "red"
                  }
                ]
              }
            ]
          },
          {
            "type": "minecraft:item",
            "weight": 4,
            "quality": 1,
            "functions": [
              {
                "function": "minecraft:set_damage",
                "damage": {
                  "min": 0.0,
                  "max": 0.25
                }
              },
              {
                "function": "minecraft:enchant_randomly"
              }
            ],
            "name": "minecraft:fishing_rod"
          },
          {
            "type": "minecraft:loot_table",
            "weight": 4,
            "quality": 2,
            "name": "minecraft:gameplay/fishing/treasure"
          },
          {
            "type": "minecraft:loot_table",
            "weight": 2,
            "quality": 2,
            "name": "a_triangle:fishing_crates/froglights"
          },
          {
            "type": "minecraft:loot_table",
            "weight": 16,
            "quality": 8,
            "name": "minecraft:gameplay/fishing/junk"
          },
          {
            "type": "minecraft:loot_table",
            "weight": 2,
            "quality": 1,
            "name": "a_triangle:fishing_crates/sus_stews"
          },
          {
            "type": "minecraft:item",
            "name": "minecraft:fishing_rod",
            "weight": 4,
            "quality": -4,
            "functions": [
              {
                "function": "set_nbt",
                "tag": "{Enchantments:[{id:\"minecraft:luck_of_the_sea\",lvl:1s}]}"
              }
            ]
          },
          {
            "type": "item",
            "weight": 4,
            "quality": 0,
            "name": "minecraft:fishing_rod",
            "functions": [
              {
                "function": "set_count",
                "count": 1
              },
              {
                "function": "set_nbt",
                "tag": "{CustomModelData:380000,Enchantments:[{id:\"minecraft:power\",lvl:1s}]}"
              },
              {
                "function": "set_name",
                "name": [
                  {
                    "italic": false,
                      "text": "Slime Rod",
                    "color": "green",
                    "bold": true
                  }
                ]
              },
              {
                "function": "set_lore",
                "lore": [
                  {
                    "italic": false,
                      "text": "Fishes up slime crates.",
                    "color": "green"
                  }
                ]
              }
            ]
          }
        ]
      }
]
}