{
    "type": "minecraft:chest",
    "pools": [
      {
        "rolls": {
          "type": "minecraft:uniform",
          "min": 2.0,
          "max": 10.0
        },
        "bonus_rolls": 0.0,
        "entries": [
          {
            "type": "minecraft:item",
            "weight": 20,
            "functions": [
              {
                "function": "minecraft:set_count",
                "count": {
                  "type": "minecraft:uniform",
                  "min": 1.0,
                  "max": 3.0
                },
                "add": false
              }
            ],
            "name": "minecraft:book"
          },
          {
            "type": "minecraft:item",
            "weight": 20,
            "functions": [
              {
                "function": "minecraft:set_count",
                "count": {
                  "type": "minecraft:uniform",
                  "min": 2.0,
                  "max": 7.0
                },
                "add": false
              }
            ],
            "name": "minecraft:paper"
          },
          {
            "type": "minecraft:item",
            "name": "minecraft:map"
          },
          {
            "type": "minecraft:item",
            "name": "minecraft:compass"
          },
          {
            "type": "minecraft:item",
            "weight": 10,
            "functions": [
              {
                "function": "minecraft:enchant_with_levels",
                "levels": 30.0,
                "treasure": true
              }
            ],
            "name": "minecraft:book"
          }
        ]
      },
      {
        "rolls": 1,
        "entries": [{
          "type": "minecraft:loot_table",
          "name": "a_triangle:fishing_crates/weapon_of_the_wind"
        }]
      },
      {
        "rolls": 0,
        "bonus_rolls": 1,
        "entries": [{
          "type": "minecraft:loot_table",
          "name": "a_triangle:fishing_crates/weapon_of_the_wind",
          "conditions": [{
            "condition": "minecraft:random_chance",
            "chance": 0.25
          }]
        }]
      },
      {
        "rolls": 1,
        "entries": [{
          "type": "item",
          "weight": 1,
          "name": "minecraft:creeper_spawn_egg",
          "functions": [
            {
              "function": "set_count",
              "count": {
                "min": 1,
                "max": 7
              }
            },
            {
              "function": "set_nbt",
              "tag": "{display:{Name:'{\"text\":\"Plant Bridge Capsule\",\"color\":\"dark_green\",\"bold\":true,\"italic\":false}',Lore:['{\"text\":\"- Creates a plant bridge when placed.\",\"color\":\"dark_green\",\"italic\":false}','{\"text\":\"- Does not work for y>180.\",\"color\":\"dark_green\",\"italic\":false}']},EntityTag:{id:\"minecraft:marker\",Tags:[\"leaves\"]}}"
            },
            {
              "function": "minecraft:set_nbt",
              "tag": "{ctc: {id: 'plant_bridge_capsule', from: 'a_triangle:triangle_craft'}}"
            }
          ]
        }]
      },
      {
        "conditions": [
          {
            "condition": "minecraft:random_chance",
            "chance": 0.25
          }
        ],
        "rolls": 1,
        "entries": [
          {
            "type": "item",
            "weight": 1,
            "name": "minecraft:warped_fungus_on_a_stick",
            "functions": [
              {
                "function": "set_count",
                "count": 1
              },
              {
                "function": "set_nbt",
                "tag": "{display:{Name:'[{\"text\":\"R\",\"color\":\"#FF0000\",\"bold\":true,\"italic\":false},{\"text\":\"a\",\"color\":\"#FFFF00\",\"bold\":true,\"italic\":false},{\"text\":\"i\",\"color\":\"#00FF00\",\"bold\":true,\"italic\":false},{\"text\":\"n\",\"color\":\"#00FFFF\",\"bold\":true,\"italic\":false},{\"text\":\"b\",\"color\":\"#0000FF\",\"bold\":true,\"italic\":false},{\"text\":\"o\",\"color\":\"#FF00FF\",\"bold\":true,\"italic\":false},{\"text\":\"w \",\"color\":\"#FF0000\",\"bold\":true,\"italic\":false},{\"text\":\"G\",\"color\":\"#FFFF00\",\"bold\":true,\"italic\":false},{\"text\":\"u\",\"color\":\"#00FF00\",\"bold\":true,\"italic\":false},{\"text\":\"n\",\"color\":\"#00FFFF\",\"bold\":true,\"italic\":false}]',Lore:['{\"text\":\"Right click to shoot rainbows that pierce through and damage enemies.\",\"color\":\"white\",\"italic\":false}']},CustomModelData:380045,a_triangle.rainbow_gun:1b,AttributeModifiers:[{AttributeName:\"generic.movement_speed\",Name:\"generic.movement_speed\",Amount:-0.5,Operation:1,UUID:[I;-222382112,-2009379381,-1562642508,-1538455957],Slot:\"mainhand\"},{AttributeName:\"generic.movement_speed\",Name:\"generic.movement_speed\",Amount:-0.5,Operation:1,UUID:[I;2098298459,326320273,-1267741785,1130763593],Slot:\"offhand\"}]}"
              },
              {
                "function": "minecraft:set_nbt",
                "tag": "{ctc: {id: 'rainbow_gun', from: 'a_triangle:triangle_craft', traits: {'tool/weapon': 1b}}}"
              }
            ]
          }
        ]
      }
    ]
  }