{
    "type": "chest",
    "pools": [
      {
        "rolls": {
          "min": 3,
          "max": 6
        },
        "bonus_rolls": {
          "min": 0,
          "max": 3
        },
        "entries": [
          {
            "type": "item",
            "weight": 1,
            "name": "minecraft:tipped_arrow",
            "functions": [
              {
                "function": "set_count",
                "count": {
                  "min": 0,
                  "max": 24
                }
              },
              {
                "function": "set_nbt",
                "tag": "{display:{Name:'{\"text\":\"Slime Arrow\",\"color\":\"#80FF00\",\"bold\":true,\"italic\":false}',Lore:['{\"text\":\"Slows enemies for 6 seconds.\",\"color\":\"#80FF00\",\"italic\":false}']},CustomModelData:380000,CustomPotionEffects:[{Id:2b,Amplifier:1b,Duration:120}],Potion:\"minecraft:empty\",CustomPotionColor:8453888}"
              },
              {
                "function": "minecraft:set_nbt",
                "tag": "{ctc: {id: 'slime_arrow', from: 'a_triangle:triangle_craft'}}"
              }
            ]
          },
          {
            "type": "item",
            "weight": 1,
            "name": "minecraft:splash_potion",
            "functions": [
              {
                "function": "set_count",
                "count": {
                  "min": 0,
                  "max": 6
                }
              },
              {
                "function": "set_nbt",
                "tag": "{display:{Name:'{\"text\":\"Slime Bomb\",\"color\":\"#80FF00\",\"bold\":true,\"italic\":false}',Lore:['{\"text\":\"Slows enemies for 12 seconds.\",\"color\":\"#80FF00\",\"italic\":false}']},CustomModelData:380000,CustomPotionEffects:[{Id:2b,Amplifier:1b,Duration:240}],Potion:\"minecraft:empty\",CustomPotionColor:8453888}"
              },
              {
                "function": "minecraft:set_nbt",
                "tag": "{ctc: {id: 'slime_bomb', from: 'a_triangle:triangle_craft'}}"
              }
            ]
          },
          {
            "type": "item",
            "weight": 1,
            "name": "minecraft:slime_ball",
            "functions": [
              {
                "function": "set_count",
                "count": {
                  "min": 1,
                  "max": 8
                }
              }
            ]
          },
          {
            "type": "item",
            "weight": 1,
            "name": "minecraft:slime_block",
            "functions": [
              {
                "function": "set_count",
                "count": {
                  "min": 1,
                  "max": 2
                }
              }
            ]
          }
        ]
      },
      {
        "rolls": {
          "min": 0,
          "max": 1
        },
        "entries": [
          {
            "type": "item",
            "name": "minecraft:enchanted_book",
            "functions": [
              {
                "function": "set_count",
                "count": 1
              },
              {
                "function": "set_nbt",
                "tag": "{StoredEnchantments:[{id:\"minecraft:knockback\",lvl:1s}]}"
              }
            ]
          },
          {
            "type": "item",
            "name": "minecraft:enchanted_book",
            "functions": [
              {
                "function": "set_count",
                "count": 1
              },
              {
                "function": "set_nbt",
                "tag": "{StoredEnchantments:[{id:\"minecraft:knockback\",lvl:2s}]}"
              }
            ]
          },
          {
            "type": "item",
            "name": "minecraft:enchanted_book",
            "functions": [
              {
                "function": "set_count",
                "count": 1
              },
              {
                "function": "set_nbt",
                "tag": "{StoredEnchantments:[{id:\"minecraft:punch\",lvl:1s}]}"
              }
            ]
          },
          {
            "type": "item",
            "name": "minecraft:enchanted_book",
            "functions": [
              {
                "function": "set_count",
                "count": 1
              },
              {
                "function": "set_nbt",
                "tag": "{StoredEnchantments:[{id:\"minecraft:punch\",lvl:2s}]}"
              }
            ]
          }
        ]
      }
    ]
  }