{
    "type": "chest",
    "pools": [
      {
        "rolls": {
          "min": 1,
          "max": 5
        },
        "bonus_rolls": {
          "min": 0,
          "max": 2
        },
        "conditions": [{
          "condition": "minecraft:inverted",
          "term": {
            "condition": "minecraft:entity_scores",
            "scores": {
                "a_triangle.fishing_crates.nether": 0
            },
            "entity": "this"
        }}],
        "entries": [
          {
            "type": "item",
            "weight": 1,
            "name": "minecraft:stone",
            "functions": [
              {
                "function": "minecraft:set_count",
                "count": {
                  "max": 64,
                  "min": 0
                }
              }
            ]
          },
          {
            "type": "item",
            "weight": 1,
            "name": "minecraft:cobblestone",
            "functions": [
              {
                "function": "minecraft:set_count",
                "count": {
                  "max": 64,
                  "min": 0
                }
              }
            ]

          },
          {
            "type": "item",
            "weight": 1,
            "name": "minecraft:deepslate",
            "functions": [
              {
                "function": "minecraft:set_count",
                "count": {
                  "max": 64,
                  "min": 0
                }
              }
            ]

          },
          {
            "type": "item",
            "weight": 1,
            "name": "minecraft:cobbled_deepslate",
            "functions": [
              {
                "function": "minecraft:set_count",
                "count": {
                  "max": 64,
                  "min": 0
                }
              }
            ]

          },
          {
            "type": "item",
            "weight": 1,
            "name": "minecraft:andesite",
            "functions": [
              {
                "function": "minecraft:set_count",
                "count": {
                  "max": 64,
                  "min": 0
                }
              }
            ]

          },
          {
            "type": "item",
            "weight": 1,
            "name": "minecraft:diorite",
            "functions": [
              {
                "function": "minecraft:set_count",
                "count": {
                  "max": 64,
                  "min": 0
                }
              }
            ]

          },
          {
            "type": "item",
            "weight": 1,
            "name": "minecraft:granite",
            "functions": [
              {
                "function": "minecraft:set_count",
                "count": {
                  "max": 64,
                  "min": 0
                }
              }
            ]
          },
          {
            "type": "item",
            "weight": 1,
            "name": "minecraft:dripstone_block",
            "functions": [
              {
                "function": "minecraft:set_count",
                "count": {
                  "max": 64,
                  "min": 0
                }
              }
            ]
          }
        ]
      },
      {
        "rolls": {
          "min": 1,
          "max": 5
        },
        "bonus_rolls": {
          "min": 0,
          "max": 2
        },
        "conditions": [{
          "condition": "minecraft:entity_scores",
          "scores": {
              "a_triangle.fishing_crates.nether": 0
          },
          "entity": "this"
        }],
        "entries": [
          {
            "type": "item",
            "weight": 1,
            "name": "minecraft:stone",
            "functions": [
              {
                "function": "minecraft:set_count",
                "count": {
                  "max": 80,
                  "min": 0
                }
              }
            ]
          },
          {
            "type": "item",
            "weight": 1,
            "name": "minecraft:cobblestone",
            "functions": [
              {
                "function": "minecraft:set_count",
                "count": {
                  "max": 80,
                  "min": 0
                }
              }
            ]

          },
          {
            "type": "item",
            "weight": 1,
            "name": "minecraft:deepslate",
            "functions": [
              {
                "function": "minecraft:set_count",
                "count": {
                  "max": 80,
                  "min": 0
                }
              }
            ]

          },
          {
            "type": "item",
            "weight": 1,
            "name": "minecraft:cobbled_deepslate",
            "functions": [
              {
                "function": "minecraft:set_count",
                "count": {
                  "max": 80,
                  "min": 0
                }
              }
            ]

          },
          {
            "type": "item",
            "weight": 1,
            "name": "minecraft:andesite",
            "functions": [
              {
                "function": "minecraft:set_count",
                "count": {
                  "max": 80,
                  "min": 0
                }
              }
            ]

          },
          {
            "type": "item",
            "weight": 1,
            "name": "minecraft:diorite",
            "functions": [
              {
                "function": "minecraft:set_count",
                "count": {
                  "max": 80,
                  "min": 0
                }
              }
            ]

          },
          {
            "type": "item",
            "weight": 1,
            "name": "minecraft:granite",
            "functions": [
              {
                "function": "minecraft:set_count",
                "count": {
                  "max": 80,
                  "min": 0
                }
              }
            ]
          },
          {
            "type": "item",
            "weight": 1,
            "name": "minecraft:blackstone",
            "functions": [
              {
                "function": "minecraft:set_count",
                "count": {
                  "max": 80,
                  "min": 0
                }
              }
            ]
          },
          {
            "type": "item",
            "weight": 1,
            "name": "minecraft:basalt",
            "functions": [
              {
                "function": "minecraft:set_count",
                "count": {
                  "max": 80,
                  "min": 0
                }
              }
            ]
          },
          {
            "type": "item",
            "weight": 1,
            "name": "minecraft:dripstone_block",
            "functions": [
              {
                "function": "minecraft:set_count",
                "count": {
                  "max": 80,
                  "min": 0
                }
              }
            ]
          }
        ]
      },
      {
        "rolls": {
          "min": 0,
          "max": 1
        },
        "entries": [
          {
            "type": "item",
            "weight": 4,
            "quality": 1,
            "name": "minecraft:enchanted_book",
            "functions": [
              {
                "function": "set_count",
                "count": 1
              },
              {
                "function": "set_nbt",
                "tag": "{StoredEnchantments:[{id:\"minecraft:blast_protection\",lvl:1s}]}"
              }
            ]
          },
          {
            "type": "item",
            "weight": 3,
            "quality": 1,
            "name": "minecraft:enchanted_book",
            "functions": [
              {
                "function": "set_count",
                "count": 1
              },
              {
                "function": "set_nbt",
                "tag": "{StoredEnchantments:[{id:\"minecraft:blast_protection\",lvl:2s}]}"
              }
            ]
          },
          {
            "type": "item",
            "weight": 2,
            "quality": 1,
            "name": "minecraft:enchanted_book",
            "functions": [
              {
                "function": "set_count",
                "count": 1
              },
              {
                "function": "set_nbt",
                "tag": "{StoredEnchantments:[{id:\"minecraft:blast_protection\",lvl:3s}]}"
              }
            ]
          },
          {
            "type": "item",
            "weight": 1,
            "quality": 1,
            "name": "minecraft:enchanted_book",
            "functions": [
              {
                "function": "set_count",
                "count": 1
              },
              {
                "function": "set_nbt",
                "tag": "{StoredEnchantments:[{id:\"minecraft:blast_protection\",lvl:4s}]}"
              }
            ]
          },
          {
            "type": "item",
            "weight": 4,
            "quality": 2,
            "name": "minecraft:enchanted_book",
            "functions": [
              {
                "function": "set_count",
                "count": 1
              },
              {
                "function": "set_nbt",
                "tag": "{StoredEnchantments:[{id:\"minecraft:fortune\",lvl:1s}]}"
              }
            ]
          },
          {
            "type": "item",
            "weight": 3,
            "quality": 2,
            "name": "minecraft:enchanted_book",
            "functions": [
              {
                "function": "set_count",
                "count": 1
              },
              {
                "function": "set_nbt",
                "tag": "{StoredEnchantments:[{id:\"minecraft:fortune\",lvl:2s}]}"
              }
            ]
          },
          {
            "type": "item",
            "weight": 2,
            "quality": 2,
            "name": "minecraft:enchanted_book",
            "functions": [
              {
                "function": "set_count",
                "count": 1
              },
              {
                "function": "set_nbt",
                "tag": "{StoredEnchantments:[{id:\"minecraft:fortune\",lvl:3s}]}"
              }
            ]
          }
        ]
      },
      {
        "rolls": 1,
        "bonus_rolls": {
          "min": 0,
          "max": 1
        },
        "entries": [
          {
            "type": "item",
            "weight": 1,
            "name": "minecraft:stone_sword",
            "functions": [
              {
                "function": "minecraft:enchant_randomly"
              }
            ]
          },
          {
            "type": "item",
            "weight": 1,
            "name": "minecraft:stone_axe",
            "functions": [
              {
                "function": "minecraft:enchant_randomly"
              }
            ]
        },
        {
                "type": "item",
                "weight": 1,
                "name": "minecraft:stone_pickaxe",
                "functions": [
                  {
                    "function": "minecraft:enchant_randomly"
                  }
                ]
        },
        {
                "type": "item",
                "weight": 1,
                "name": "minecraft:stone_shovel",
                "functions": [
                  {
                    "function": "minecraft:enchant_randomly"
                  }
                ]
        },
        {
                "type": "item",
                "weight": 1,
                "name": "minecraft:stone_hoe",
                "functions": [
                  {
                    "function": "minecraft:enchant_randomly"
                  }
                ]
        }
        ]
      },
      {
        "rolls": 1,
        "entries": [
          {
            "type": "minecraft:loot_table",
            "name": "a_triangle:fishing_crates/gemstones"
          }
        ]
      },
      {
        "rolls": 0,
        "bonus_rolls": 1,
        "entries": [{
          "type": "minecraft:loot_table",
          "name": "a_triangle:fishing_crates/gemstones",
          "conditions": [{
            "condition": "minecraft:random_chance",
            "chance": 0.33
          }]
        }]
      },
      {
        "rolls": 1,
        "conditions": [{
          "condition": "minecraft:random_chance",
          "chance": 0.1
        }],
        "entries": [
          {
            "type": "item",
            "weight": 1,
            "name": "minecraft:painting",
            "functions": [
              {
                "function": "set_count",
                "count": 1
              },
              {
                "function": "set_nbt",
                "tag": "{EntityTag:{variant:\"minecraft:earth\"}}"
              },
              {
                "function": "set_name",
                "name": [
                  {
                    "italic": false,
                      "text": "Earth",
                    "color": "dark_gray",
                    "bold": true
                  }
                ]
              }
            ]
          }
        ]
      },
      {
        "rolls": {
          "min": 1,
          "max": 5
        },
        "bonus_rolls": {
          "min": 0,
          "max": 2
        },
        "entries": [{
          "type": "minecraft:item",
          "name": "minecraft:pointed_dripstone",
          "functions": [{
            "function": "minecraft:set_count",
            "count": {
              "min": 0,
              "max": 8
            }
          }]
        }]
      },
      {
        "rolls": 1,
        "bonus_rolls": 0,
        "entries": [
          {
            "type": "item",
            "weight": 1,
            "name": "minecraft:warped_fungus_on_a_stick",
            "functions": [
              {
                "function": "set_count",
                "count": 1
              },
              {
                "function": "set_nbt",
                "tag": "{display:{Name:'{\"text\":\"Stone Staff\",\"color\":\"dark_gray\",\"bold\":true,\"italic\":false}',Lore:['{\"text\":\"Right click to launch cobblestone from your inventory.\",\"color\":\"dark_gray\",\"italic\":false}']},CustomModelData:380004,a_triangle.stone_staff:1b}"
              },
              {
                "function": "minecraft:set_nbt",
                "tag": "{ctc: {id: 'stone_staff', from: 'a_triangle:triangle_craft', traits: {'tool/weapon': 1b}}}"
              }
            ],
            "conditions": [{
              "condition": "minecraft:random_chance",
              "chance": 0.25
            }]
          }
        ]},
      {
        "rolls": 0,
        "bonus_rolls": 1,
        "entries": [{
          "type": "item",
          "weight": 1,
          "name": "minecraft:warped_fungus_on_a_stick",
          "functions": [
            {
              "function": "set_count",
              "count": 1
            },
            {
              "function": "set_nbt",
              "tag": "{display:{Name:'{\"text\":\"Stone Staff\",\"color\":\"dark_gray\",\"bold\":true,\"italic\":false}',Lore:['{\"text\":\"Right click to launch cobblestone from your inventory.\",\"color\":\"dark_gray\",\"italic\":false}']},CustomModelData:380004,a_triangle.stone_staff:1b}"
            },
            {
              "function": "minecraft:set_nbt",
              "tag": "{ctc: {id: 'stone_staff', from: 'a_triangle:triangle_craft', traits: {'tool/weapon': 1b}}}"
            }
          ],
          "conditions": [{
            "condition": "minecraft:random_chance",
            "chance": 0.0625
          }]
        }]
      }]}