{
    "type": "chest",
    "pools": [
      {
        "rolls": {
          "min": 3,
          "max": 6
        },
        "bonus_rolls": {
          "min": 0,
          "max": 3
        },
        "entries": [
          {
            "type": "item",
            "weight": 2,
            "name": "minecraft:prismarine_shard",
            "functions": [
              {
                "function": "set_count",
                "count": {
                  "min": 0,
                  "max": 16
                }
              }
            ]
          },
          {
            "type": "item",
            "weight": 2,
            "name": "minecraft:prismarine_crystals",
            "functions": [
              {
                "function": "set_count",
                "count": {
                  "min": 0,
                  "max": 16
                }
              }
            ]
          },
          {
            "type": "item",
            "weight": 1,
            "name": "minecraft:prismarine",
            "functions": [
              {
                "function": "set_count",
                "count": {
                  "min": 0,
                  "max": 8
                }
              }
            ]
          },
          {
            "type": "item",
            "weight": 1,
            "name": "minecraft:prismarine_bricks",
            "functions": [
              {
                "function": "set_count",
                "count": {
                  "min": 0,
                  "max": 8
                }
              }
            ]
          },
          {
            "type": "item",
            "weight": 1,
            "name": "minecraft:dark_prismarine",
            "functions": [
              {
                "function": "set_count",
                "count": {
                  "min": 0,
                  "max": 8
                }
              }
            ]
          },
          {
            "type": "item",
            "weight": 1,
            "name": "minecraft:sea_lantern",
            "functions": [
              {
                "function": "set_count",
                "count": {
                  "min": 0,
                  "max": 8
                }
              }
            ]
          },
          {
            "type": "item",
            "weight": 2,
            "name": "minecraft:nautilus_shell",
            "functions": [
              {
                "function": "set_count",
                "count": {
                  "min": 1,
                  "max": 3
                }
              }
            ]
          },
          {
            "type": "item",
            "weight": 1,
            "name": "minecraft:potion",
            "functions": [
              {
                "function": "set_count",
                "count": 3
              },
              {
                "function": "set_nbt",
                "tag": "{Potion:\"minecraft:water\"}"
              }
            ]
          },
          {
            "type": "item",
            "weight": 1,
            "name": "minecraft:water_bucket",
            "functions": [
              {
                "function": "set_count",
                "count": 1
              }
            ]
          },
          {
            "type": "item",
            "weight": 1,
            "name": "minecraft:scute",
            "functions": [
              {
                "function": "set_count",
                "count": {
                  "min": 1,
                  "max": 3
                }
              }
            ]
          },
          {
            "type": "item",
            "weight": 1,
            "name": "minecraft:sponge",
            "functions": [
              {
                "function": "set_count",
                "count": {
                  "min": 0,
                  "max": 8
                }
              }]
          }
        ]
      },
      {
        "rolls": 1,
        "entries": [
          {
            "type": "item",
            "weight": 2,
            "quality": 1,
            "name": "minecraft:potion",
            "functions": [
              {
                "function": "set_count",
                "count": 1
              },
              {
                "function": "set_nbt",
                "tag": "{Potion:\"minecraft:water_breathing\"}"
              }
            ]
          },
          {
            "type": "item",
            "weight": 1,
            "quality": 2,
            "name": "minecraft:potion",
            "functions": [
              {
                "function": "set_count",
                "count": 1
              },
              {
                "function": "set_nbt",
                "tag": "{Potion:\"minecraft:long_water_breathing\"}"
              }
            ]
          },
          {
            "type": "item",
            "weight": 2,
            "quality": 1,
            "name": "minecraft:potion",
            "functions": [
              {
                "function": "set_count",
                "count": 1
              },
              {
                "function": "set_nbt",
                "tag": "{Potion:\"minecraft:turtle_master\"}"
              }
            ]
          },
          {
            "type": "item",
            "weight": 1,
            "quality": 2,
            "name": "minecraft:potion",
            "functions": [
              {
                "function": "set_count",
                "count": 1
              },
              {
                "function": "set_nbt",
                "tag": "{Potion:\"minecraft:strong_turtle_master\"}"
              }
            ]
          },
          {
            "type": "item",
            "weight": 1,
            "quality": 2,
            "name": "minecraft:potion",
            "functions": [
              {
                "function": "set_count",
                "count": 1
              },
              {
                "function": "set_nbt",
                "tag": "{Potion:\"minecraft:long_turtle_master\"}"
              }
            ]
          }
        ]
      },
      {
        "rolls": {
          "min": 0,
          "max": 1
        },
        "entries": [
          {
            "type": "item",
            "weight": 2,
            "quality": 2,
            "name": "minecraft:enchanted_book",
            "functions": [
              {
                "function": "set_count",
                "count": 1
              },
              {
                "function": "set_nbt",
                "tag": "{StoredEnchantments:[{id:\"minecraft:aqua_affinity\",lvl:1s}]}"
              }
            ]
          },
          {
            "type": "item",
            "weight": 3,
            "quality": 1,
            "name": "minecraft:enchanted_book",
            "functions": [
              {
                "function": "set_count",
                "count": 1
              },
              {
                "function": "set_nbt",
                "tag": "{StoredEnchantments:[{id:\"minecraft:respiration\",lvl:1s}]}"
              }
            ]
          },
          {
            "type": "item",
            "weight": 2,
            "quality": 1,
            "name": "minecraft:enchanted_book",
            "functions": [
              {
                "function": "set_count",
                "count": 1
              },
              {
                "function": "set_nbt",
                "tag": "{StoredEnchantments:[{id:\"minecraft:respiration\",lvl:2s}]}"
              }
            ]
          },
          {
            "type": "item",
            "weight": 1,
            "quality": 1,
            "name": "minecraft:enchanted_book",
            "functions": [
              {
                "function": "set_count",
                "count": 1
              },
              {
                "function": "set_nbt",
                "tag": "{StoredEnchantments:[{id:\"minecraft:respiration\",lvl:3s}]}"
              }
            ]
          },
          {
            "type": "item",
            "weight": 3,
            "quality": 1,
            "name": "minecraft:enchanted_book",
            "functions": [
              {
                "function": "set_count",
                "count": 1
              },
              {
                "function": "set_nbt",
                "tag": "{StoredEnchantments:[{id:\"minecraft:depth_strider\",lvl:1s}]}"
              }
            ]
          },
          {
            "type": "item",
            "weight": 2,
            "quality": 1,
            "name": "minecraft:enchanted_book",
            "functions": [
              {
                "function": "set_count",
                "count": 1
              },
              {
                "function": "set_nbt",
                "tag": "{StoredEnchantments:[{id:\"minecraft:depth_strider\",lvl:2s}]}"
              }
            ]
          },
          {
            "type": "item",
            "weight": 1,
            "quality": 1,
            "name": "minecraft:enchanted_book",
            "functions": [
              {
                "function": "set_count",
                "count": 1
              },
              {
                "function": "set_nbt",
                "tag": "{StoredEnchantments:[{id:\"minecraft:depth_strider\",lvl:3s}]}"
              }
            ]
          }
        ]
      },
      {
        "rolls": 1,
        "entries": [
          {
            "type": "item",
            "weight": 1,
            "name": "minecraft:trident",
            "functions": [
              {
                "function": "set_count",
                "count": 1
              },
              {
                "function": "minecraft:enchant_randomly"
              }
            ]
          }
        ]
      },
      {
        "rolls": 1,
        "entries": [{
          "type": "minecraft:loot_table",
          "name": "a_triangle:fishing_crates/corals/brain_corals"
        },{
          "type": "minecraft:loot_table",
          "name": "a_triangle:fishing_crates/corals/bubble_corals"
        },{
          "type": "minecraft:loot_table",
          "name": "a_triangle:fishing_crates/corals/horn_corals"
        },{
          "type": "minecraft:loot_table",
          "name": "a_triangle:fishing_crates/corals/tube_corals"
        }]
      },
      {
        "rolls": 1,
        "conditions": [{
          "condition": "minecraft:random_chance",
          "chance": 0.1
        }],
        "entries": [
          {
            "type": "item",
            "weight": 1,
            "name": "minecraft:painting",
            "functions": [
              {
                "function": "set_count",
                "count": 1
              },
              {
                "function": "set_nbt",
                "tag": "{EntityTag:{variant:\"minecraft:water\"}}"
              },
              {
                "function": "set_name",
                "name": [
                  {
                    "italic": false,
                      "text": "Water",
                    "color": "dark_blue",
                    "bold": true
                  }
                ]
              }
            ]
          }
        ]
      },
      {
        "rolls": 1,
        "bonus_rolls": 0,
        "entries": [
          {
            "type": "item",
            "weight": 1,
            "name": "minecraft:warped_fungus_on_a_stick",
            "functions": [
              {
                "function": "set_count",
                "count": 1
              },
              {
                "function": "set_nbt",
                "tag": "{display:{Name:'{\"text\":\"Conduit Staff\",\"color\":\"dark_blue\",\"bold\":true,\"italic\":false}',Lore:['{\"text\":\"- Right click with at least 4 mana to become aquatic.\",\"color\":\"dark_blue\",\"italic\":false}','{\"text\":\"- When aquatic, you can swim faster, breathe, mine faster and see further under water.\",\"color\":\"dark_blue\",\"italic\":false}','{\"text\":\"- When aquatic, you slowly lose mana until you right click to return to normal.\",\"color\":\"dark_blue\",\"italic\":false}']},CustomModelData:380003,a_triangle.conduit_staff:1b}"
              },
              {
                "function": "minecraft:set_nbt",
                "tag": "{ctc: {id: 'conduit_staff', from: 'a_triangle:triangle_craft'}}"
              }
            ],
            "conditions": [{
              "condition": "minecraft:random_chance",
              "chance": 0.25
            }]
          }
        ]},
      {
        "rolls": 0,
        "bonus_rolls": 1,
        "entries": [{
          "type": "item",
          "weight": 1,
          "name": "minecraft:warped_fungus_on_a_stick",
          "functions": [
            {
              "function": "set_count",
              "count": 1
            },
            {
              "function": "set_nbt",
              "tag": "{display:{Name:'{\"text\":\"Conduit Staff\",\"color\":\"dark_blue\",\"bold\":true,\"italic\":false}',Lore:['{\"text\":\"- Right click with at least 4 mana to become aquatic.\",\"color\":\"dark_blue\",\"italic\":false}','{\"text\":\"- When aquatic, you can swim faster, breathe, mine faster and see further under water.\",\"color\":\"dark_blue\",\"italic\":false}','{\"text\":\"- When aquatic, you slowly lose mana until you right click to return to normal.\",\"color\":\"dark_blue\",\"italic\":false}']},CustomModelData:380003,a_triangle.conduit_staff:1b}"
            },
            {
              "function": "minecraft:set_nbt",
              "tag": "{ctc: {id: 'conduit_staff', from: 'a_triangle:triangle_craft'}}"
            }
          ],
          "conditions": [{
            "condition": "minecraft:random_chance",
            "chance": 0.0625
          }]
        }]
      }]}