{
    "pools": [
        {
            "rolls": 1,
            "entries": [
            {
                "type": "item",
                "name": "minecraft:iron_sword",
                "functions": [
                {
                    "function": "set_count",
                    "count": 1
                },
                {
                    "function": "set_nbt",
                    "tag": "{CustomModelData:380000,Enchantments:[{id:\"minecraft:knockback\",lvl:2s}]}"
                },
                {
                  "function": "minecraft:set_nbt",
                  "tag": "{ctc: {id: 'sword_of_the_wind', from: 'a_triangle:triangle_craft', traits: {'tool/weapon': 1b}}}"
                },
                {
                    "function": "set_name",
                    "name": [
                    {
                        "italic": false,
                        "text": "Sword Of The Wind",
                        "color": "aqua",
                        "bold": true
                    }
                    ]
                },
                {
                    "function": "set_lore",
                    "lore": [
                    {
                        "italic": false,
                        "text": "Yeets enemies back with the power of the wind.",
                        "color": "aqua"
                    }
                    ]
                }
                ],
                "weight": 8,
                "quality": 4
            },
            {
                "type": "item",
                "name": "minecraft:iron_axe",
                "functions": [
                {
                    "function": "set_count",
                    "count": 1
                },
                {
                    "function": "set_nbt",
                    "tag": "{CustomModelData:380000,Enchantments:[{id:\"minecraft:knockback\",lvl:2s}]}"
                },
                {
                  "function": "minecraft:set_nbt",
                  "tag": "{ctc: {id: 'axe_of_the_wind', from: 'a_triangle:triangle_craft', traits: {'tool/chopping': 1b, 'tool/weapon': 1b}}}"
                },
                {
                    "function": "set_name",
                    "name": [
                    {
                        "italic": false,
                        "text": "Axe Of The Wind",
                        "color": "aqua",
                        "bold": true
                    }
                    ]
                },
                {
                    "function": "set_lore",
                    "lore": [
                    {
                        "italic": false,
                        "text": "Yeets enemies back with the power of the wind",
                        "color": "aqua"
                    }
                    ]
                }
                ],
                "weight": 8,
                "quality": 4
            },
            {
                "type": "item",
                "name": "minecraft:bow",
                "functions": [
                {
                    "function": "set_count",
                    "count": 1
                },
                {
                    "function": "set_nbt",
                    "tag": "{CustomModelData:380000,Enchantments:[{id:\"minecraft:punch\",lvl:2s}]}"
                },
                {
                  "function": "minecraft:set_nbt",
                  "tag": "{ctc: {id: 'bow_of_the_wind', from: 'a_triangle:triangle_craft', traits: {'tool/weapon': 1b}}}"
                },
                {
                    "function": "set_name",
                    "name": [
                    {
                        "italic": false,
                        "text": "Bow Of The Wind",
                        "color": "aqua",
                        "bold": true
                    }
                    ]
                },
                {
                    "function": "set_lore",
                    "lore": [
                    {
                        "italic": false,
                        "text": "Yeets enemies back with the power of the wind.",
                        "color": "aqua"
                    }
                    ]
                }
                ],
                "weight": 8,
                "quality": 4
            },
            {
                "type": "item",
                "name": "minecraft:warped_fungus_on_a_stick",
                "functions": [
                    {
                        "function": "set_nbt",
                        "tag": "{display:{Name:'{\"text\":\"Staff Of The Wind\",\"color\":\"aqua\",\"bold\":true,\"italic\":false}',Lore:['{\"text\":\"Right click to yeet enemies back with the power of the wind.\",\"color\":\"aqua\",\"italic\":false}']},CustomModelData:380005,a_triangle.staff_of_the_wind:1b}"
                    },
                    {
                      "function": "minecraft:set_nbt",
                      "tag": "{ctc: {id: 'staff_of_the_wind', from: 'a_triangle:triangle_craft', traits: {'tool/weapon': 1b}}}"
                    }
                ],
                "weight": 8,
                "quality": 4
            },
            {
                "type": "item",
                "name": "minecraft:warped_fungus_on_a_stick",
                "functions": [
                    {
                        "function": "set_nbt",
                        "tag": "{display:{Name:'{\"text\":\"Electric Staff\",\"color\":\"aqua\",\"bold\":true,\"italic\":false}',Lore:['{\"text\":\"Projects electricity which can hit multiple targets.\",\"color\":\"aqua\",\"italic\":false}']},CustomModelData:380013,a_triangle.electric_staff:1b}"
                    },
                    {
                      "function": "minecraft:set_nbt",
                      "tag": "{ctc: {id: 'electric_staff', from: 'a_triangle:triangle_craft', traits: {'tool/weapon': 1b}}}"
                    }
                ],
                "weight": 1,
                "quality": 1
            },
            {
                "type": "item",
                "name": "minecraft:warped_fungus_on_a_stick",
                "functions": [
                    {
                        "function": "set_nbt",
                        "tag": "{display:{Name:'{\"text\":\"Lightning Rune\",\"color\":\"aqua\",\"bold\":true,\"italic\":false}',Lore:['{\"text\":\"Hold a weapon in your mainhand and a rune in your offhand to apply.\",\"color\":\"aqua\",\"italic\":false}','{\"text\":\"Lightning Rune - Summons lightning.\",\"color\":\"aqua\",\"italic\":false}']},CustomModelData:380025,a_triangle.lightning_rune:1b}"
                    },
                    {
                      "function": "minecraft:set_nbt",
                      "tag": "{ctc: {id: 'lightning_rune', from: 'a_triangle:triangle_craft', traits: {'tool/weapon': 1b}}}"
                    }
                ],
                "weight": 1,
                "quality": 1
            }
            ]
        }]}