{
    "type": "chest",
    "pools": [
      {
        "rolls": {
          "min": 1,
          "max": 5
        },
        "bonus_rolls": {
          "min": 0,
          "max": 2
        },
        "conditions": [{
          "condition": "minecraft:inverted",
          "term": {
            "condition": "minecraft:entity_scores",
            "scores": {
                "a_triangle.fishing_crates.nether": 0
            },
            "entity": "this"
        }}],
        "entries": [
          {
            "type": "item",
            "weight": 1,
            "name": "minecraft:oak_log",
            "functions": [
              {
                "function": "minecraft:set_count",
                "count": {
                  "max": 16,
                  "min": 0
                }
              }
            ]
          },
          {
            "type": "item",
            "weight": 1,
            "name": "minecraft:birch_log",
            "functions": [
              {
                "function": "minecraft:set_count",
                "count": {
                  "max": 16,
                  "min": 0
                }
              }
            ]

          },
          {
            "type": "item",
            "weight": 1,
            "name": "minecraft:dark_oak_log",
            "functions": [
              {
                "function": "minecraft:set_count",
                "count": {
                  "max": 16,
                  "min": 0
                }
              }
            ]

          },
          {
            "type": "item",
            "weight": 1,
            "name": "minecraft:mangrove_log",
            "functions": [
              {
                "function": "minecraft:set_count",
                "count": {
                  "max": 16,
                  "min": 0
                }
              }
            ]

          },
          {
            "type": "item",
            "weight": 1,
            "name": "minecraft:spruce_log",
            "functions": [
              {
                "function": "minecraft:set_count",
                "count": {
                  "max": 16,
                  "min": 0
                }
              }
            ]

          },
          {
            "type": "item",
            "weight": 1,
            "name": "minecraft:jungle_log",
            "functions": [
              {
                "function": "minecraft:set_count",
                "count": {
                  "max": 16,
                  "min": 0
                }
              }
            ]

          },
          {
            "type": "item",
            "weight": 1,
            "name": "minecraft:acacia_log",
            "functions": [
              {
                "function": "minecraft:set_count",
                "count": {
                  "max": 16,
                  "min": 0
                }
              }
            ]
          },
          {
            "type": "item",
            "weight": 1,
            "name": "minecraft:cherry_log",
            "functions": [
              {
                "function": "minecraft:set_count",
                "count": {
                  "max": 16,
                  "min": 0
                }
              }
            ]
          }
        ]
      },
      {
        "rolls": {
          "min": 1,
          "max": 5
        },
        "bonus_rolls": {
          "min": 0,
          "max": 2
        },
        "conditions": [{
          "condition": "minecraft:entity_scores",
          "scores": {
              "a_triangle.fishing_crates.nether": 0
          },
          "entity": "this"
        }],
        "entries": [
          {
            "type": "item",
            "weight": 1,
            "name": "minecraft:oak_log",
            "functions": [
              {
                "function": "minecraft:set_count",
                "count": {
                  "max": 20,
                  "min": 1
                }
              }
            ]
          },
          {
            "type": "item",
            "weight": 1,
            "name": "minecraft:birch_log",
            "functions": [
              {
                "function": "minecraft:set_count",
                "count": {
                  "max": 20,
                  "min": 1
                }
              }
            ]

          },
          {
            "type": "item",
            "weight": 1,
            "name": "minecraft:dark_oak_log",
            "functions": [
              {
                "function": "minecraft:set_count",
                "count": {
                  "max": 20,
                  "min": 1
                }
              }
            ]

          },
          {
            "type": "item",
            "weight": 1,
            "name": "minecraft:mangrove_log",
            "functions": [
              {
                "function": "minecraft:set_count",
                "count": {
                  "max": 20,
                  "min": 1
                }
              }
            ]

          },
          {
            "type": "item",
            "weight": 1,
            "name": "minecraft:spruce_log",
            "functions": [
              {
                "function": "minecraft:set_count",
                "count": {
                  "max": 20,
                  "min": 1
                }
              }
            ]

          },
          {
            "type": "item",
            "weight": 1,
            "name": "minecraft:jungle_log",
            "functions": [
              {
                "function": "minecraft:set_count",
                "count": {
                  "max": 20,
                  "min": 1
                }
              }
            ]

          },
          {
            "type": "item",
            "weight": 1,
            "name": "minecraft:acacia_log",
            "functions": [
              {
                "function": "minecraft:set_count",
                "count": {
                  "max": 20,
                  "min": 1
                }
              }
            ]
          },
          {
            "type": "item",
            "weight": 1,
            "name": "minecraft:crimson_stem",
            "functions": [
              {
                "function": "minecraft:set_count",
                "count": {
                  "max": 20,
                  "min": 1
                }
              }
            ]
          },
          {
            "type": "item",
            "weight": 1,
            "name": "minecraft:warped_stem",
            "functions": [
              {
                "function": "minecraft:set_count",
                "count": {
                  "max": 20,
                  "min": 1
                }
              }
            ]
          },
          {
            "type": "item",
            "weight": 1,
            "name": "minecraft:cherry_log",
            "functions": [
              {
                "function": "minecraft:set_count",
                "count": {
                  "max": 20,
                  "min": 0
                }
              }
            ]
          }
        ]
      },
      {
        "rolls": {
          "min": 1,
          "max": 2
        },
        "bonus_rolls": {
          "min": 0,
          "max": 1
        },
        "entries": [
          {
            "type": "item",
            "weight": 1,
            "name": "minecraft:oak_sapling",
            "functions": [
              {
                "function": "minecraft:set_count",
                "count": {
                  "max": 1,
                  "min": 3
                }
              }
            ]
          },
          {
            "type": "item",
            "weight": 1,
            "name": "minecraft:birch_sapling",
            "functions": [
              {
                "function": "minecraft:set_count",
                "count": {
                  "max": 1,
                  "min": 3
                }
              }
            ]

          },
          {
            "type": "item",
            "weight": 1,
            "name": "minecraft:dark_oak_sapling",
            "functions": [
              {
                "function": "minecraft:set_count",
                "count": {
                  "max": 1,
                  "min": 3
                }
              }
            ]

          },
          {
            "type": "item",
            "weight": 1,
            "name": "minecraft:mangrove_propagule",
            "functions": [
              {
                "function": "minecraft:set_count",
                "count": {
                  "max": 1,
                  "min": 3
                }
              }
            ]

          },
          {
            "type": "item",
            "weight": 1,
            "name": "minecraft:spruce_sapling",
            "functions": [
              {
                "function": "minecraft:set_count",
                "count": {
                  "max": 1,
                  "min": 3
                }
              }
            ]

          },
          {
            "type": "item",
            "weight": 1,
            "name": "minecraft:jungle_sapling",
            "functions": [
              {
                "function": "minecraft:set_count",
                "count": {
                  "max": 1,
                  "min": 3
                }
              }
            ]

          },
          {
            "type": "item",
            "weight": 1,
            "name": "minecraft:acacia_sapling",
            "functions": [
              {
                "function": "minecraft:set_count",
                "count": {
                  "max": 1,
                  "min": 3
                }
              }
            ]
          },
          {
            "type": "item",
            "weight": 1,
            "name": "minecraft:cherry_sapling",
            "functions": [
              {
                "function": "minecraft:set_count",
                "count": {
                  "max": 1,
                  "min": 3
                }
              }
            ]
          },
          {
            "type": "item",
            "weight": 1,
            "name": "minecraft:crimson_stem",
            "functions": [
              {
                "function": "minecraft:set_count",
                "count": {
                  "max": 1,
                  "min": 3
                }
              }
            ],
            "conditions": [{
              "condition": "minecraft:entity_scores",
              "scores": {
                  "a_triangle.fishing_crates.nether": 0
              },
              "entity": "this"
            }]
          },
          {
            "type": "item",
            "weight": 1,
            "name": "minecraft:warped_stem",
            "functions": [
              {
                "function": "minecraft:set_count",
                "count": {
                  "max": 1,
                  "min": 3
                }
              }
            ],
            "conditions": [{
              "condition": "minecraft:entity_scores",
              "scores": {
                  "a_triangle.fishing_crates.nether": 0
              },
              "entity": "this"
            }]
          },
          {
            "type": "empty",
            "weight": 2,
            "conditions": [{
              "condition": "minecraft:inverted",
              "term": {
                "condition": "minecraft:entity_scores",
                "scores": {
                    "a_triangle.fishing_crates.nether": 0
                },
                "entity": "this"
            }}]
          }
        ]
      },
      {
        "rolls": {
          "min": 0,
          "max": 1
        },
        "entries": [
          {
            "type": "item",
            "weight": 4,
            "quality": 1,
            "name": "minecraft:enchanted_book",
            "functions": [
              {
                "function": "set_count",
                "count": 1
              },
              {
                "function": "set_nbt",
                "tag": "{StoredEnchantments:[{id:\"minecraft:projectile_protection\",lvl:1s}]}"
              }
            ]
          },
          {
            "type": "item",
            "weight": 3,
            "quality": 1,
            "name": "minecraft:enchanted_book",
            "functions": [
              {
                "function": "set_count",
                "count": 1
              },
              {
                "function": "set_nbt",
                "tag": "{StoredEnchantments:[{id:\"minecraft:projectile_protection\",lvl:2s}]}"
              }
            ]
          },
          {
            "type": "item",
            "weight": 2,
            "quality": 1,
            "name": "minecraft:enchanted_book",
            "functions": [
              {
                "function": "set_count",
                "count": 1
              },
              {
                "function": "set_nbt",
                "tag": "{StoredEnchantments:[{id:\"minecraft:projectile_protection\",lvl:3s}]}"
              }
            ]
          },
          {
            "type": "item",
            "weight": 1,
            "quality": 1,
            "name": "minecraft:enchanted_book",
            "functions": [
              {
                "function": "set_count",
                "count": 1
              },
              {
                "function": "set_nbt",
                "tag": "{StoredEnchantments:[{id:\"minecraft:projectile_protection\",lvl:4s}]}"
              }
            ]
          },
          {
            "type": "item",
            "weight": 5,
            "quality": 1,
            "name": "minecraft:enchanted_book",
            "functions": [
              {
                "function": "set_count",
                "count": 1
              },
              {
                "function": "set_nbt",
                "tag": "{StoredEnchantments:[{id:\"minecraft:efficiency\",lvl:1s}]}"
              }
            ]
          },
          {
            "type": "item",
            "weight": 4,
            "quality": 1,
            "name": "minecraft:enchanted_book",
            "functions": [
              {
                "function": "set_count",
                "count": 1
              },
              {
                "function": "set_nbt",
                "tag": "{StoredEnchantments:[{id:\"minecraft:efficiency\",lvl:2s}]}"
              }
            ]
          },
          {
            "type": "item",
            "weight": 3,
            "quality": 1,
            "name": "minecraft:enchanted_book",
            "functions": [
              {
                "function": "set_count",
                "count": 1
              },
              {
                "function": "set_nbt",
                "tag": "{StoredEnchantments:[{id:\"minecraft:efficiency\",lvl:3s}]}"
              }
            ]
          },
          {
            "type": "item",
            "weight": 2,
            "quality": 1,
            "name": "minecraft:enchanted_book",
            "functions": [
              {
                "function": "set_count",
                "count": 1
              },
              {
                "function": "set_nbt",
                "tag": "{StoredEnchantments:[{id:\"minecraft:efficiency\",lvl:4s}]}"
              }
            ]
          },
          {
            "type": "item",
            "weight": 1,
            "quality": 1,
            "name": "minecraft:enchanted_book",
            "functions": [
              {
                "function": "set_count",
                "count": 1
              },
              {
                "function": "set_nbt",
                "tag": "{StoredEnchantments:[{id:\"minecraft:efficiency\",lvl:5s}]}"
              }
            ]
          }
        ]
      },
      {
        "rolls": 1,
        "bonus_rolls": {
          "min": 0,
          "max": 1
        },
        "entries": [
          {
            "type": "item",
            "weight": 1,
            "name": "minecraft:wooden_sword",
            "functions": [
              {
                "function": "minecraft:enchant_with_levels",
                "levels": 20,
                "treasure": true
              }
            ]
          },
          {
            "type": "item",
            "weight": 1,
            "name": "minecraft:wooden_axe",
            "functions": [
              {
                "function": "minecraft:enchant_with_levels",
                "levels": 20,
                "treasure": true
              }
            ]
        },
        {
                "type": "item",
                "weight": 1,
                "name": "minecraft:wooden_pickaxe",
                "functions": [
                  {
                    "function": "minecraft:enchant_with_levels",
                    "levels": 20,
                    "treasure": true
                  }
                ]
        },
        {
                "type": "item",
                "weight": 1,
                "name": "minecraft:wooden_shovel",
                "functions": [
                  {
                    "function": "minecraft:enchant_with_levels",
                    "levels": 20,
                    "treasure": true
                  }
                ]
        },
        {
                "type": "item",
                "weight": 1,
                "name": "minecraft:wooden_hoe",
                "functions": [
                  {
                    "function": "minecraft:enchant_with_levels",
                    "levels": 20,
                    "treasure": true
                  }
                ]
        }
        ]
      },
      {
        "rolls": 1,
        "entries": [
          {
            "type": "minecraft:item",
            "conditions": [{
              "condition": "minecraft:random_chance",
              "chance": 0.16
            }],
            "name": "minecraft:orange_dye",
            "functions": [
              {
                "function": "set_count",
                "count": {
                  "min": 0,
                  "max": 8
                }
              },
              {
                "function": "set_nbt",
                "tag": "{display:{Name:'{\"italic\":false,\"text\":\"Amber\",\"color\":\"#FF8000\",\"bold\":true}'},CustomModelData:380000}"
              },
              {
                "function": "minecraft:set_nbt",
                "tag": "{ctc: {id: 'amber', from: 'a_triangle:triangle_craft', traits: {'ingot': 1b, 'gem/amber': 1b}}}"
              }
            ]
          }
        ]
      },
      {
        "rolls": 1,
        "entries": [
          {
            "type": "minecraft:loot_table",
            "conditions": [{
              "condition": "minecraft:random_chance",
              "chance": 0.16
            }],
            "name": "a_triangle:fishing_crates/amber_item"
          }
        ]
      },
      {
        "rolls": 0,
        "bonus_rolls": 1,
        "entries": [
          {
            "type": "minecraft:item",
            "conditions": [{
              "condition": "minecraft:random_chance",
              "chance": 0.05
            }],
            "name": "minecraft:orange_dye",
            "functions": [
              {
                "function": "set_count",
                "count": {
                  "min": 0,
                  "max": 8
                }
              },
              {
                "function": "set_nbt",
                "tag": "{display:{Name:'{\"italic\":false,\"text\":\"Amber\",\"color\":\"#FF8000\",\"bold\":true}'},CustomModelData:380000}"
              },
              {
                "function": "minecraft:set_nbt",
                "tag": "{ctc: {id: 'amber', from: 'a_triangle:triangle_craft', traits: {'ingot': 1b, 'gem/amber': 1b}}}"
              }
            ]
          }
        ]
      },
      {
        "rolls": 0,
        "bonus_rolls": 1,
        "entries": [
          {
            "type": "minecraft:loot_table",
            "conditions": [{
              "condition": "minecraft:random_chance",
              "chance": 0.05
            }],
            "name": "a_triangle:fishing_crates/amber_item"
          }
        ]
      },
      {
        "rolls": 1,
        "entries": [
          {
            "type": "minecraft:loot_table",
            "name": "a_triangle:fishing_crates/fruits"
          }
        ]
      },
      {
        "rolls": 0,
        "bonus_rolls": 1,
        "entries": [{
          "type": "minecraft:loot_table",
          "name": "a_triangle:fishing_crates/fruits",
          "conditions": [{
            "condition": "minecraft:random_chance",
            "chance": 0.33
          }]
        }]
      },
      {
        "rolls": 1,
        "bonus_rolls": 0,
        "entries": [
          {
            "type": "item",
            "weight": 1,
            "name": "minecraft:warped_fungus_on_a_stick",
            "functions": [
              {
                "function": "set_nbt",
                "tag": "{display:{Name:'{\"text\":\"Healing Staff\",\"color\":\"#804000\",\"bold\":true,\"italic\":false}',Lore:['{\"text\":\"Right click to create a healing zone.\",\"color\":\"#804000\",\"italic\":false}']},CustomModelData:380007,a_triangle.healing_staff:1b}"
              },
              {
                "function": "minecraft:set_nbt",
                "tag": "{ctc: {id: 'healing_staff', from: 'a_triangle:triangle_craft'}}"
              }
            ],
            "conditions": [{
              "condition": "minecraft:random_chance",
              "chance": 0.25
            }]
          },
          {
            "type": "item",
            "name": "minecraft:warped_fungus_on_a_stick",
            "functions": [
                {
                    "function": "set_nbt",
                    "tag": "{display:{Name:'{\"text\":\"Healing Rune\",\"color\":\"#804000\",\"bold\":true,\"italic\":false}',Lore:['{\"text\":\"Hold a weapon in your mainhand and a rune in your offhand to apply.\",\"color\":\"#804000\",\"italic\":false}','{\"text\":\"Healing Rune - Heals 4 hitpoints.\",\"color\":\"#804000\",\"italic\":false}']},CustomModelData:380023,a_triangle.heal_rune:1b}"
                },
                {
                  "function": "minecraft:set_nbt",
                  "tag": "{ctc: {id: 'healing_rune', from: 'a_triangle:triangle_craft'}}"
                }
            ],
            "conditions": [{
              "condition": "minecraft:random_chance",
              "chance": 0.25
            }]
          }
        ]},
      {
        "rolls": 0,
        "bonus_rolls": 1,
        "entries": [{
          "type": "item",
          "weight": 1,
          "name": "minecraft:warped_fungus_on_a_stick",
          "functions": [
            {
              "function": "set_nbt",
              "tag": "{display:{Name:'{\"text\":\"Healing Staff\",\"color\":\"#804000\",\"bold\":true,\"italic\":false}',Lore:['{\"text\":\"Right click to create a healing zone.\",\"color\":\"#804000\",\"italic\":false}']},CustomModelData:380007,a_triangle.healing_staff:1b}"
            },
            {
              "function": "minecraft:set_nbt",
              "tag": "{ctc: {id: 'healing_staff', from: 'a_triangle:triangle_craft'}}"
            }
          ],
          "conditions": [{
            "condition": "minecraft:random_chance",
            "chance": 0.0625
          }]
        },
        {
          "type": "item",
          "name": "minecraft:warped_fungus_on_a_stick",
          "functions": [
              {
                  "function": "set_nbt",
                  "tag": "{display:{Name:'{\"text\":\"Healing Rune\",\"color\":\"#804000\",\"bold\":true,\"italic\":false}',Lore:['{\"text\":\"Hold a weapon in your mainhand and a rune in your offhand to apply.\",\"color\":\"#804000\",\"italic\":false}','{\"text\":\"Healing Rune - Heals 4 hitpoints.\",\"color\":\"#804000\",\"italic\":false}']},CustomModelData:380023,a_triangle.heal_rune:1b}"
              },
              {
                "function": "minecraft:set_nbt",
                "tag": "{ctc: {id: 'healing_rune', from: 'a_triangle:triangle_craft'}}"
              }
          ],
          "conditions": [{
            "condition": "minecraft:random_chance",
            "chance": 0.0625
          }]
        }]
      }]}