{
    "aquifers_enabled": false,
    "default_block": {
        "Name": "minecraft:stone"
    },
    "default_fluid": {
        "Name": "minecraft:water"
    },
    "disable_mob_generation": false,
    "legacy_random_source": true,
    "noise": {
        "height": 384,
        "min_y": -64,
        "size_vertical": 2,
        "size_horizontal": 1
    },
    "ore_veins_enabled": true,
    "sea_level": -65,
    "spawn_target": [],
    "surface_rule": {
        "type": "minecraft:sequence",
        "sequence": [
            {
                "type": "minecraft:condition",
                "if_true": {
                    "type": "minecraft:stone_depth",
                    "add_surface_depth": false,
                    "offset": 0,
                    "secondary_depth_range": 0,
                    "surface_type": "floor"
                },
                "then_run": {
                    "type": "minecraft:block",
                    "result_state": {
                        "Name": "minecraft:grass_block",
                        "Properties": {
                            "snowy": "false"
                        }
                    }
                }
            },
            {
                "type": "minecraft:condition",
                "if_true": {
                    "type": "minecraft:stone_depth",
                    "add_surface_depth": false,
                    "offset": 0,
                    "secondary_depth_range": 10,
                    "surface_type": "floor"
                },
                "then_run": {
                    "type": "minecraft:block",
                    "result_state": {
                        "Name": "minecraft:dirt"
                    }
                }
            },
            {
                "type": "minecraft:condition",
                "if_true":{
                    "type": "minecraft:biome",
                    "biome_is": ["a_triangle:new_dimensions/the_hallow"]
                },
                "then_run": {
                    "type": "minecraft:block",
                    "result_state": {
                        "Name": "minecraft:calcite"
                    }
                }
            }
        ]
    },
    "noise_router": {
        "barrier": 0.0,
        "continents": 0.0,
        "depth": 0.0,
        "erosion": 0.0,
        "final_density": {
          "type": "minecraft:squeeze",
          "argument": {
            "type": "minecraft:mul",
            "argument1": 0.64,
            "argument2": {
              "type": "minecraft:interpolated",
              "argument": {
                "type": "minecraft:blend_density",
                "argument": {
                  "type": "minecraft:add",
                  "argument1": -0.234375,
                  "argument2": {
                    "type": "minecraft:mul",
                    "argument1": {
                      "type": "minecraft:y_clamped_gradient",
                      "from_value": 0.0,
                      "from_y": 4,
                      "to_value": 1.0,
                      "to_y": 32
                    },
                    "argument2": {
                      "type": "minecraft:add",
                      "argument1": 0.234375,
                      "argument2": {
                        "type": "minecraft:add",
                        "argument1": -23.4375,
                        "argument2": {
                          "type": "minecraft:mul",
                          "argument1": {
                            "type": "minecraft:y_clamped_gradient",
                            "from_value": 1.0,
                            "from_y": 184,
                            "to_value": 0.0,
                            "to_y": 440
                          },
                          "argument2": {
                            "type": "minecraft:add",
                            "argument1": 23.4375,
                            "argument2": "minecraft:end/base_3d_noise"
                          }
                        }
                      }
                    }
                  }
                }
              }
            }
          }
        },
        "fluid_level_floodedness": 0.0,
        "fluid_level_spread": 0.0,
        "initial_density_without_jaggedness": 0.0,
        "lava": 0.0,
        "ridges": 0.0,
        "temperature": {
          "type": "minecraft:shifted_noise",
          "noise": "minecraft:temperature",
          "shift_x": "minecraft:shift_x",
          "shift_y": 0.0,
          "shift_z": "minecraft:shift_z",
          "xz_scale": 0.25,
          "y_scale": 0.0
        },
        "vegetation": {
          "type": "minecraft:shifted_noise",
          "noise": "minecraft:vegetation",
          "shift_x": "minecraft:shift_x",
          "shift_y": 0.0,
          "shift_z": "minecraft:shift_z",
          "xz_scale": 0.25,
          "y_scale": 0.0
        },
        "vein_gap": 0.0,
        "vein_ridged": 0.0,
        "vein_toggle": 0.0
    }
}