{
    "processors": [
        {
            "processor_type": "minecraft:block_rot",
            "integrity": 0.9,
            "rottable_blocks": [
                "minecraft:spruce_planks",
                "minecraft:spruce_log",
                "minecraft:glass"
            ]
        },
        {
            "processor_type": "minecraft:rule",
            "rules": [
                {
                    "input_predicate": {
                        "predicate_type": "minecraft:random_block_match",
                        "block": "minecraft:deepslate_tiles",
                        "probability": 0.25
                    },
                    "location_predicate": {
                        "predicate_type": "minecraft:always_true"
                    },
                    "output_state": {
                        "Name": "minecraft:cracked_deepslate_tiles"
                    }
                }
            ]
        },
        {
            "processor_type": "minecraft:protected_blocks",
            "value": "#minecraft:features_cannot_replace"
        }
    ]
}