{
    "type": "minecraft:generic",
    "pools": [
      {
        "rolls": 2,
        "bonus_rolls": {"min": 0, "max": 1},
        "entries": [
            {
                "type": "item",
                "weight": 1,
                "name": "minecraft:brain_coral",
                "functions": [{
                    "function": "minecraft:set_count",
                    "count": {"min": 1, "max": 15}
                }]
            },
            {
                "type": "item",
                "weight": 1,
                "name": "minecraft:brain_coral_block",
                "functions": [{
                    "function": "minecraft:set_count",
                    "count": {"min": 1, "max": 15}
                }]
            },
            {
                "type": "item",
                "weight": 1,
                "name": "minecraft:brain_coral_fan",
                "functions": [{
                    "function": "minecraft:set_count",
                    "count": {"min": 1, "max": 15}
                }]
            }
        ]
      }
    ]
}