{
    "feature": "a_triangle:new_dimensions/giant_dark_oak",
    "placement": [
      {
        "type": "minecraft:count",
        "count": 8
      },
      {
        "type": "minecraft:in_square"
      },
      {
        "type": "minecraft:heightmap",
        "heightmap": "MOTION_BLOCKING_NO_LEAVES"
      },
      {
        "type": "minecraft:block_predicate_filter",
        "predicate": {
          "type": "minecraft:would_survive",
          "state": {
            "Name": "minecraft:dark_oak_sapling",
            "Properties": {
              "stage": "0"
            }
          }
        }
      },
      {
        "type": "minecraft:biome"
      }
    ]
  }