{
    "effects": {
      "mood_sound": {
        "sound": "minecraft:ambient.cave",
        "tick_delay": 6000,
        "block_search_extent": 8,
        "offset": 2.0
      },
      "music": {
        "sound": "minecraft:music.overworld.meadow",
        "min_delay": 12000,
        "max_delay": 24000,
        "replace_current_music": false
      },
      "sky_color": 65535,
      "fog_color": 65535,
      "water_color": 16744703,
      "water_fog_color": 16744703,
      "particle": {
        "options": {
          "type": "minecraft:end_rod"
        },
        "probability": 0.002
      },
      "foliage_color": 16744448,
      "grass_color": 33023,
      "grass_color_modifier": "none"
    },
    "carvers": {
      "air": [
        "minecraft:cave",
        "minecraft:cave_extra_underground",
        "minecraft:canyon"
      ]
    },
    "features": [
      [],
      [],
      [
        "minecraft:amethyst_geode"
      ],
      [],
      [],
      [],
      [
        "minecraft:ore_dirt",
        "minecraft:ore_gravel",
        "minecraft:ore_granite_upper",
        "minecraft:ore_granite_lower",
        "minecraft:ore_diorite_upper",
        "minecraft:ore_diorite_lower",
        "minecraft:ore_andesite_upper",
        "minecraft:ore_andesite_lower",
        "minecraft:ore_tuff",
        "minecraft:ore_coal_upper",
        "minecraft:ore_coal_lower",
        "minecraft:ore_iron_upper",
        "minecraft:ore_iron_middle",
        "minecraft:ore_iron_small",
        "minecraft:ore_gold",
        "minecraft:ore_gold_lower",
        "minecraft:ore_redstone",
        "minecraft:ore_redstone_lower",
        "minecraft:ore_diamond",
        "minecraft:ore_diamond_large",
        "minecraft:ore_diamond_buried",
        "minecraft:ore_lapis",
        "minecraft:ore_lapis_buried",
        "minecraft:ore_copper",
        "minecraft:underwater_magma",
        "minecraft:disk_sand",
        "minecraft:disk_clay",
        "minecraft:disk_gravel",
        "minecraft:ore_emerald"
      ],
      [],
      [
        "minecraft:spring_water"
      ],
      [
        "minecraft:glow_lichen",
        "minecraft:patch_tall_grass_2",
        "minecraft:patch_grass_plain",
        "minecraft:flower_meadow",
        "minecraft:trees_plains",
        "minecraft:flower_plains",
        "a_triangle:new_dimensions/crystal_shards_up",
        "a_triangle:new_dimensions/crystal_shards_down",
        "a_triangle:new_dimensions/crystal_shards_north",
        "a_triangle:new_dimensions/crystal_shards_south",
        "a_triangle:new_dimensions/crystal_shards_west",
        "a_triangle:new_dimensions/crystal_shards_east"
      ],
      [
        "minecraft:freeze_top_layer"
      ]
    ],
    "spawners": {
      "monster": [],
      "creature": [
        {
          "type": "minecraft:donkey",
          "weight": 1,
          "minCount": 1,
          "maxCount": 2
        },
        {
          "type": "minecraft:rabbit",
          "weight": 2,
          "minCount": 2,
          "maxCount": 6
        },
        {
          "type": "minecraft:horse",
          "weight": 2,
          "minCount": 2,
          "maxCount": 4
        }
      ],
      "ambient": [
        {
          "type": "minecraft:bat",
          "weight": 10,
          "minCount": 8,
          "maxCount": 8
        }
      ],
      "axolotls": [],
      "underground_water_creature": [
        {
          "type": "minecraft:glow_squid",
          "weight": 10,
          "minCount": 4,
          "maxCount": 6
        }
      ],
      "water_creature": [],
      "water_ambient": [],
      "misc": []
    },
    "spawn_costs": {},
    "has_precipitation": false,
    "temperature": 0.5,
    "downfall": 0.8
  }