{
    "type": "minecraft:random_patch",
    "config": {
      "feature": {
        "feature": {
          "type": "minecraft:simple_block",
          "config": {
            "to_place": {
              "type": "minecraft:simple_state_provider",
              "state": {
                "Name": "minecraft:fire",
                "Properties": {
                  "age": "0",
                  "east": "false",
                  "north": "false",
                  "south": "false",
                  "up": "false",
                  "west": "false"
                }
              }
            }
          }
        },
        "placement": [
          {
            "type": "minecraft:block_predicate_filter",
            "predicate": {
              "type": "minecraft:all_of",
              "predicates": [
                {
                  "type": "minecraft:matching_blocks",
                  "blocks": "minecraft:air"
                }
              ]
            }
          }
        ]
      },
      "tries": 20,
      "xz_spread": 2,
      "y_spread": 2
    }
}