{
  "type": "minecraft:simple_block",
  "config": {
      "to_place": {
          "type": "minecraft:weighted_state_provider",
          "entries": [
              {
                "data": {
                  "Name": "minecraft:small_amethyst_bud",
                  "Properties": {
                    "facing": "south"
                  }
                },
                "weight": 1
              },
              {
                "data": {
                  "Name": "minecraft:medium_amethyst_bud",
                  "Properties": {
                    "facing": "south"
                  }
                },
                "weight": 1
              },
              {
                "data": {
                  "Name": "minecraft:large_amethyst_bud",
                  "Properties": {
                    "facing": "south"
                  }
                },
                "weight": 1
              },
              {
                "data": {
                  "Name": "minecraft:amethyst_cluster",
                  "Properties": {
                    "facing": "south"
                  }
                },
                "weight": 3
              }
            ]
      }
  }
}