{
    "type": "minecraft:tree",
    "config": {
      "decorators": [{
        "type": "minecraft:leave_vine",
        "probability": 0.5
      }],
      "dirt_provider": {
        "type": "minecraft:simple_state_provider",
        "state": {
          "Name": "minecraft:dirt"
        }
      },
      "foliage_placer": {
        "type": "minecraft:dark_oak_foliage_placer",
        "offset": 0,
        "radius": 0
      },
      "foliage_provider": {
        "type": "minecraft:simple_state_provider",
        "state": {
          "Name": "minecraft:dark_oak_leaves",
          "Properties": {
            "distance": "7",
            "persistent": "false",
            "waterlogged": "false"
          }
        }
      },
      "force_dirt": false,
      "ignore_vines": true,
      "minimum_size": {
        "type": "minecraft:three_layers_feature_size",
        "limit": 1,
        "lower_size": 0,
        "middle_size": 4,
        "upper_limit": 8,
        "upper_size": 8
      },
      "trunk_placer": {
        "type": "minecraft:dark_oak_trunk_placer",
        "base_height": 32,
        "height_rand_a": 16,
        "height_rand_b": 1
      },
      "trunk_provider": {
        "type": "minecraft:simple_state_provider",
        "state": {
          "Name": "minecraft:dark_oak_log",
          "Properties": {
            "axis": "y"
          }
        }
      }
    }
  }