{
    "type": "minecraft:tree",
    "config": {
      "decorators": [{
        "type": "minecraft:leave_vine",
        "probability": 0.25
      }],
      "dirt_provider": {
        "type": "minecraft:simple_state_provider",
        "state": {
          "Name": "minecraft:dirt"
        }
      },
      "foliage_placer": {
        "type": "minecraft:acacia_foliage_placer",
        "offset": 0,
        "radius": 8
      },
      "foliage_provider": {
        "type": "minecraft:weighted_state_provider",
        "entries": [
        {
            "data": {
                "Name": "minecraft:brown_mushroom_block",
                "Properties": {
                    "north": "true",
                    "south": "true",
                    "east": "true",
                    "west": "true",
                    "up": "true",
                    "down": "true"
                }
            },
            "weight": 15
        },
        {
            "data":{"Name": "minecraft:shroomlight"},
            "weight": 1
        }
      ]},
      "force_dirt": false,
      "ignore_vines": true,
      "minimum_size": {
        "type": "minecraft:two_layers_feature_size",
        "limit": 1,
        "lower_size": 0,
        "upper_size": 8
      },
      "trunk_placer": {
        "type": "minecraft:forking_trunk_placer",
        "base_height": 20,
        "height_rand_a": 8,
        "height_rand_b": 8
      },
      "trunk_provider": {
        "type": "minecraft:simple_state_provider",
        "state": {
          "Name": "minecraft:mushroom_stem",
          "Properties": {
            "north": "true",
            "south": "true",
            "east": "true",
            "west": "true",
            "up": "false",
            "down": "false"
          }
        }
      }
    }
  }