{
    "pools": [
        {
            "entries": [
                {
                    "type": "minecraft:item",
                    "functions": [
                        {
                            "function": "set_nbt",
                            "tag": "{a_triangle.necromancer_death_marker:1b}"
                        }
                    ],
                    "name": "minecraft:knowledge_book"
                }
            ],
            "rolls": 1
        }
    ]
}