{
    "logical_height": 384,
    "infiniburn": "#minecraft:infiniburn_overworld",
    "effects": "minecraft:overworld",
    "ambient_light": 0.1,
    "respawn_anchor_works": false,
    "has_raids": true,
    "min_y": -64,
    "height": 384,
    "natural": true,
    "coordinate_scale": 1.0,
    "piglin_safe": false,
    "bed_works": true,
    "has_skylight": true,
    "has_ceiling": false,
    "ultrawarm": false,
    "fixed_time": 6000,
    "monster_spawn_block_light_limit": 0,
    "monster_spawn_light_level": {
      "type": "minecraft:uniform",
      "value": {
        "max_inclusive": 0,
        "min_inclusive": 0
      }
    }
}