{
    "display": {
      "icon": {
        "item": "minecraft:golden_sword",
        "nbt": "{CustomModelData:380001}"
      },
      "title": "▲Craft",
      "description": "Adds some new triangular stuff.",
      "frame": "task",
      "show_toast": false,
      "announce_to_chat": false,
      "hidden": false
    },
    "criteria": {
      "tick": {
        "trigger": "minecraft:tick"
      }
    },
    "requirements": [
      [
        "tick"
      ]
    ],
    "parent": "global:a_triangle"
}