{
  "start_height": {
    "absolute": 0
  },
  "use_expansion_hack": true,
  "project_start_to_heightmap": "WORLD_SURFACE_WG",
  "start_pool": "a_triangle:new_dimensions/new_structures/sky_tower/castle",
  "size": 6,
  "biomes": "#a_triangle:new_dimensions/has_structure/sky_tower",
  "max_distance_from_center": 80,
  "terrain_adaptation": "beard_thin",
  "spawn_overrides": {
    "monster": {
      "bounding_box": "full",
      "spawns": [
        {
          "type": "minecraft:pillager",
          "weight": 1,
          "minCount": 1,
          "maxCount": 1
        }
      ]
    }
  },
  "step": "surface_structures",
  "type": "minecraft:jigsaw"
}