{
  "start_height": {
    "type": "minecraft:uniform",
    "min_inclusive": {"absolute": 20},
    "max_inclusive": {"absolute": 40}
  },
  "use_expansion_hack": true,
  "project_start_to_heightmap": "WORLD_SURFACE_WG",
  "start_pool": "a_triangle:new_dimensions/stone_fortress/stone_fortress",
  "size": 7,
  "biomes": "#a_triangle:new_dimensions/has_structure/stone_fortress",
  "max_distance_from_center": 80,
  "terrain_adaptation": "none",
  "spawn_overrides": {
    "monster": {
      "bounding_box": "full",
      "spawns": [
        {
          "type": "minecraft:zombie",
          "weight": 1,
          "minCount": 1,
          "maxCount": 1
        }
      ]
    }
  },
  "step": "surface_structures",
  "type": "minecraft:jigsaw"
}