{
    "parent": "minecraft:recipes/root",
    "criteria": {
      "requirements": {
        "trigger": "minecraft:inventory_changed",
        "conditions": {
          "items": [
            {
                "items": [
                  "minecraft:acacia_planks"
                ]
              }
          ]
        }
      }
    },
    "rewards": {
        "recipes": ["a_triangle:new_crafting/acacia_wood/acacia_door","a_triangle:new_crafting/acacia_wood/acacia_fence","a_triangle:new_crafting/acacia_wood/acacia_gate","a_triangle:new_crafting/acacia_wood/acacia_sign","a_triangle:new_crafting/acacia_wood/acacia_slab","a_triangle:new_crafting/acacia_wood/acacia_stairs","a_triangle:new_crafting/acacia_wood/acacia_trapdoor"]
    }
  }