{
    "parent": "minecraft:recipes/root",
    "criteria": {
      "requirements": {
        "trigger": "minecraft:inventory_changed",
        "conditions": {
          "items": [
            {
              "tag": "minecraft:acacia_logs"
            }
          ]
        }
      }
    },
    "rewards": {
        "recipes": ["a_triangle:new_crafting/acacia_wood/acacia_planks","a_triangle:new_crafting/acacia_wood/acacia_log","a_triangle:new_crafting/acacia_wood/acacia_wood","a_triangle:new_crafting/acacia_wood/stripped_acacia_log","a_triangle:new_crafting/acacia_wood/stripped_acacia_wood"]
    }
  }