{
    "parent": "minecraft:recipes/root",
    "criteria": {
      "requirements": {
        "trigger": "minecraft:inventory_changed",
        "conditions": {
          "items": [
            {
              "tag": "minecraft:bamboo_blocks"
            }
          ]
        }
      }
    },
    "rewards": {
        "recipes": ["a_triangle:new_crafting/bamboo_wood/bamboo_planks","a_triangle:new_crafting/bamboo_wood/bamboo_block","a_triangle:new_crafting/bamboo_wood/stripped_bamboo_block"]
    }
  }