{
    "parent": "minecraft:recipes/root",
    "criteria": {
      "requirements": {
        "trigger": "minecraft:inventory_changed",
        "conditions": {
          "items": [
            {
                "items": [
                  "minecraft:bamboo_mosaic"
                ]
              }
          ]
        }
      }
    },
    "rewards": {
        "recipes": ["a_triangle:new_crafting/bamboo_wood/bamboo_mosaic_slab","a_triangle:new_crafting/bamboo_wood/bamboo_mosaic_stairs","a_triangle:new_crafting/bamboo_wood/bamboo_planks_from_mosaic"]
    }
  }