{
    "parent": "minecraft:recipes/root",
    "criteria": {
      "requirements": {
        "trigger": "minecraft:inventory_changed",
        "conditions": {
          "items": [
            {
                "items": [
                  "minecraft:bamboo_planks"
                ]
              }
          ]
        }
      }
    },
    "rewards": {
        "recipes": ["a_triangle:new_crafting/bamboo_wood/bamboo_door","a_triangle:new_crafting/bamboo_wood/bamboo_fence","a_triangle:new_crafting/bamboo_wood/bamboo_gate","a_triangle:new_crafting/bamboo_wood/bamboo_sign","a_triangle:new_crafting/bamboo_wood/bamboo_slab","a_triangle:new_crafting/bamboo_wood/bamboo_stairs","a_triangle:new_crafting/bamboo_wood/bamboo_trapdoor","a_triangle:new_crafting/bamboo_wood/bamboo_mosaic"]
    }
  }