{
    "parent": "minecraft:recipes/root",
    "criteria": {
      "requirements": {
        "trigger": "minecraft:inventory_changed",
        "conditions": {
          "items": [
            {
                "items": [
                  "minecraft:birch_planks"
                ]
              }
          ]
        }
      }
    },
    "rewards": {
        "recipes": ["a_triangle:new_crafting/birch_wood/birch_door","a_triangle:new_crafting/birch_wood/birch_fence","a_triangle:new_crafting/birch_wood/birch_gate","a_triangle:new_crafting/birch_wood/birch_sign","a_triangle:new_crafting/birch_wood/birch_slab","a_triangle:new_crafting/birch_wood/birch_stairs","a_triangle:new_crafting/birch_wood/birch_trapdoor"]
    }
  }