{
    "parent": "minecraft:recipes/root",
    "criteria": {
      "requirements": {
        "trigger": "minecraft:inventory_changed",
        "conditions": {
          "items": [
            {
              "tag": "minecraft:birch_logs"
            }
          ]
        }
      }
    },
    "rewards": {
        "recipes": ["a_triangle:new_crafting/birch_wood/birch_planks","a_triangle:new_crafting/birch_wood/birch_log","a_triangle:new_crafting/birch_wood/birch_wood","a_triangle:new_crafting/birch_wood/stripped_birch_log","a_triangle:new_crafting/birch_wood/stripped_birch_wood"]
    }
  }