{
    "parent": "minecraft:recipes/root",
    "criteria": {
      "requirements": {
        "trigger": "minecraft:inventory_changed",
        "conditions": {
          "items": [
            {
                "items": [
                  "minecraft:cherry_planks"
                ]
              }
          ]
        }
      }
    },
    "rewards": {
        "recipes": ["a_triangle:new_crafting/cherry_wood/cherry_door","a_triangle:new_crafting/cherry_wood/cherry_fence","a_triangle:new_crafting/cherry_wood/cherry_gate","a_triangle:new_crafting/cherry_wood/cherry_sign","a_triangle:new_crafting/cherry_wood/cherry_slab","a_triangle:new_crafting/cherry_wood/cherry_stairs","a_triangle:new_crafting/cherry_wood/cherry_trapdoor"]
    }
  }