{
    "parent": "minecraft:recipes/root",
    "criteria": {
      "requirements": {
        "trigger": "minecraft:inventory_changed",
        "conditions": {
          "items": [
            {
              "tag": "minecraft:cherry_logs"
            }
          ]
        }
      }
    },
    "rewards": {
        "recipes": ["a_triangle:new_crafting/cherry_wood/cherry_planks","a_triangle:new_crafting/cherry_wood/cherry_log","a_triangle:new_crafting/cherry_wood/cherry_wood","a_triangle:new_crafting/cherry_wood/stripped_cherry_log","a_triangle:new_crafting/cherry_wood/stripped_cherry_wood"]
    }
  }