{
    "parent": "minecraft:recipes/root",
    "criteria": {
      "requirements": {
        "trigger": "minecraft:inventory_changed",
        "conditions": {
          "items": [
            {
                "items": [
                  "minecraft:crimson_planks"
                ]
              }
          ]
        }
      }
    },
    "rewards": {
        "recipes": ["a_triangle:new_crafting/crimson_wood/crimson_door","a_triangle:new_crafting/crimson_wood/crimson_fence","a_triangle:new_crafting/crimson_wood/crimson_gate","a_triangle:new_crafting/crimson_wood/crimson_sign","a_triangle:new_crafting/crimson_wood/crimson_slab","a_triangle:new_crafting/crimson_wood/crimson_stairs","a_triangle:new_crafting/crimson_wood/crimson_trapdoor"]
    }
  }