{
    "parent": "minecraft:recipes/root",
    "criteria": {
      "requirements": {
        "trigger": "minecraft:inventory_changed",
        "conditions": {
          "items": [
            {
              "tag": "minecraft:crimson_stems"
            }
          ]
        }
      }
    },
    "rewards": {
        "recipes": ["a_triangle:new_crafting/crimson_wood/crimson_planks","a_triangle:new_crafting/crimson_wood/crimson_stem","a_triangle:new_crafting/crimson_wood/crimson_hyphae","a_triangle:new_crafting/crimson_wood/stripped_crimson_stem","a_triangle:new_crafting/crimson_wood/stripped_crimson_hyphae"]
    }
  }