{
    "parent": "minecraft:recipes/root",
    "criteria": {
      "requirements": {
        "trigger": "minecraft:inventory_changed",
        "conditions": {
          "items": [
            {
                "items": [
                  "minecraft:dark_oak_planks"
                ]
              }
          ]
        }
      }
    },
    "rewards": {
        "recipes": ["a_triangle:new_crafting/dark_oak_wood/dark_oak_door","a_triangle:new_crafting/dark_oak_wood/dark_oak_fence","a_triangle:new_crafting/dark_oak_wood/dark_oak_gate","a_triangle:new_crafting/dark_oak_wood/dark_oak_sign","a_triangle:new_crafting/dark_oak_wood/dark_oak_slab","a_triangle:new_crafting/dark_oak_wood/dark_oak_stairs","a_triangle:new_crafting/dark_oak_wood/dark_oak_trapdoor"]
    }
  }