{
    "parent": "minecraft:recipes/root",
    "criteria": {
      "requirements": {
        "trigger": "minecraft:inventory_changed",
        "conditions": {
          "items": [
            {
              "tag": "minecraft:dark_oak_logs"
            }
          ]
        }
      }
    },
    "rewards": {
        "recipes": ["a_triangle:new_crafting/dark_oak_wood/dark_oak_planks","a_triangle:new_crafting/dark_oak_wood/dark_oak_log","a_triangle:new_crafting/dark_oak_wood/dark_oak_wood","a_triangle:new_crafting/dark_oak_wood/stripped_dark_oak_log","a_triangle:new_crafting/dark_oak_wood/stripped_dark_oak_wood"]
    }
  }