{
    "parent": "minecraft:recipes/root",
    "criteria": {
      "requirements": {
        "trigger": "minecraft:inventory_changed",
        "conditions": {
          "items": [
            {
              "tag": "minecraft:jungle_logs"
            }
          ]
        }
      }
    },
    "rewards": {
        "recipes": ["a_triangle:new_crafting/jungle_wood/jungle_planks","a_triangle:new_crafting/jungle_wood/jungle_log","a_triangle:new_crafting/jungle_wood/jungle_wood","a_triangle:new_crafting/jungle_wood/stripped_jungle_log","a_triangle:new_crafting/jungle_wood/stripped_jungle_wood"]
    }
  }