{
    "parent": "minecraft:recipes/root",
    "criteria": {
      "requirements": {
        "trigger": "minecraft:inventory_changed",
        "conditions": {
          "items": [
            {
                "items": [
                  "minecraft:jungle_planks"
                ]
              }
          ]
        }
      }
    },
    "rewards": {
        "recipes": ["a_triangle:new_crafting/jungle_wood/jungle_door","a_triangle:new_crafting/jungle_wood/jungle_fence","a_triangle:new_crafting/jungle_wood/jungle_gate","a_triangle:new_crafting/jungle_wood/jungle_sign","a_triangle:new_crafting/jungle_wood/jungle_slab","a_triangle:new_crafting/jungle_wood/jungle_stairs","a_triangle:new_crafting/jungle_wood/jungle_trapdoor"]
    }
  }