{
    "parent": "minecraft:recipes/root",
    "criteria": {
      "requirements": {
        "trigger": "minecraft:inventory_changed",
        "conditions": {
          "items": [
            {
                "items": [
                  "minecraft:mangrove_planks"
                ]
              }
          ]
        }
      }
    },
    "rewards": {
        "recipes": ["a_triangle:new_crafting/mangrove_wood/mangrove_door","a_triangle:new_crafting/mangrove_wood/mangrove_fence","a_triangle:new_crafting/mangrove_wood/mangrove_gate","a_triangle:new_crafting/mangrove_wood/mangrove_sign","a_triangle:new_crafting/mangrove_wood/mangrove_slab","a_triangle:new_crafting/mangrove_wood/mangrove_stairs","a_triangle:new_crafting/mangrove_wood/mangrove_trapdoor"]
    }
  }