{
    "parent": "minecraft:recipes/root",
    "criteria": {
      "requirements": {
        "trigger": "minecraft:inventory_changed",
        "conditions": {
          "items": [
            {
              "tag": "minecraft:mangrove_logs"
            }
          ]
        }
      }
    },
    "rewards": {
        "recipes": ["a_triangle:new_crafting/mangrove_wood/mangrove_planks","a_triangle:new_crafting/mangrove_wood/mangrove_log","a_triangle:new_crafting/mangrove_wood/mangrove_wood","a_triangle:new_crafting/mangrove_wood/stripped_mangrove_log","a_triangle:new_crafting/mangrove_wood/stripped_mangrove_wood"]
    }
  }