{
    "parent": "minecraft:recipes/root",
    "criteria": {
      "requirements": {
        "trigger": "minecraft:inventory_changed",
        "conditions": {
          "items": [
            {
                "items": [
                  "minecraft:oak_planks"
                ]
              }
          ]
        }
      }
    },
    "rewards": {
        "recipes": ["a_triangle:new_crafting/oak_wood/oak_door","a_triangle:new_crafting/oak_wood/oak_fence","a_triangle:new_crafting/oak_wood/oak_gate","a_triangle:new_crafting/oak_wood/oak_sign","a_triangle:new_crafting/oak_wood/oak_slab","a_triangle:new_crafting/oak_wood/oak_stairs","a_triangle:new_crafting/oak_wood/oak_trapdoor"]
    }
  }