{
    "parent": "minecraft:recipes/root",
    "criteria": {
      "requirements": {
        "trigger": "minecraft:inventory_changed",
        "conditions": {
          "items": [
            {
                "items": [
                  "minecraft:spruce_planks"
                ]
              }
          ]
        }
      }
    },
    "rewards": {
        "recipes": ["a_triangle:new_crafting/spruce_wood/spruce_planks","a_triangle:new_crafting/spruce_wood/spruce_door","a_triangle:new_crafting/spruce_wood/spruce_fence","a_triangle:new_crafting/spruce_wood/spruce_gate","a_triangle:new_crafting/spruce_wood/spruce_sign","a_triangle:new_crafting/spruce_wood/spruce_slab","a_triangle:new_crafting/spruce_wood/spruce_stairs","a_triangle:new_crafting/spruce_wood/spruce_trapdoor"]
    }
  }