{
    "parent": "minecraft:recipes/root",
    "criteria": {
      "requirements": {
        "trigger": "minecraft:inventory_changed",
        "conditions": {
          "items": [
            {
              "tag": "minecraft:spruce_logs"
            }
          ]
        }
      }
    },
    "rewards": {
        "recipes": ["a_triangle:new_crafting/spruce_wood/spruce_log","a_triangle:new_crafting/spruce_wood/spruce_wood","a_triangle:new_crafting/spruce_wood/stripped_spruce_log","a_triangle:new_crafting/spruce_wood/stripped_spruce_wood"]
    }
  }