{
    "parent": "minecraft:recipes/root",
    "criteria": {
      "requirements": {
        "trigger": "minecraft:inventory_changed",
        "conditions": {
          "items": [
            {
              "tag": "minecraft:warped_stems"
            }
          ]
        }
      }
    },
    "rewards": {
        "recipes": ["a_triangle:new_crafting/warped_wood/warped_log","a_triangle:new_crafting/warped_wood/warped_hyphae","a_triangle:new_crafting/warped_wood/stripped_warped_log","a_triangle:new_crafting/warped_wood/stripped_warped_hyphae"]
    }
  }