{
    "parent": "minecraft:recipes/root",
    "criteria": {
      "requirements": {
        "trigger": "minecraft:inventory_changed",
        "conditions": {
          "items": [
            {
                "items": [
                  "minecraft:warped_planks"
                ]
              }
          ]
        }
      }
    },
    "rewards": {
        "recipes": ["a_triangle:new_crafting/warped_wood/warped_planks","a_triangle:new_crafting/warped_wood/warped_door","a_triangle:new_crafting/warped_wood/warped_fence","a_triangle:new_crafting/warped_wood/warped_gate","a_triangle:new_crafting/warped_wood/warped_sign","a_triangle:new_crafting/warped_wood/warped_slab","a_triangle:new_crafting/warped_wood/warped_stairs","a_triangle:new_crafting/warped_wood/warped_trapdoor"]
    }
  }