{
    "display": {
      "icon": {
        "item": "minecraft:ravager_spawn_egg",
        "nbt": "{CustomModelData:380000}"
      },
      "title": "We Need To Go Deep",
      "description": "Enter the caverns between the overworld and the nether.",
      "frame": "goal",
      "show_toast": true,
      "announce_to_chat": true,
      "hidden": false
    },
    "criteria": {
      "requirement": {
        "trigger": "minecraft:changed_dimension",
        "conditions": {
          "to": "a_triangle:new_dimensions/cave_dimension"
        }
      }
    },
    "parent": "a_triangle:new_advancements/portal"
  }