{
    "display": {
      "icon": {
        "item": "minecraft:potion",
        "nbt": "{Potion:\"minecraft:water_breathing\"}"
      },
      "title": "The Chasm",
      "description": "Enter the chasm, a dark pit of water going down to the bottom of the overworld.",
      "frame": "task",
      "show_toast": true,
      "announce_to_chat": true,
      "hidden": false
    },
    "criteria": {
      "requirement": {
        "trigger": "minecraft:location",
        "conditions": {
          "player": [
            {
              "condition": "minecraft:entity_properties",
              "predicate": {
                "location": {
                  "biome": "a_triangle:new_dimensions/chasm"
                }
              },
              "entity": "this"
            }
          ]
        }
      }
    },
    "parent": "a_triangle:new_advancements/root"
}