{
    "parent": "a_triangle:new_advancements/drip1",
    "display": {
      "icon": {
        "item": "minecraft:player_head",
        "nbt": "{display:{Name:'{\"italic\":false,\"text\":\"Power Helmet\",\"color\":\"black\",\"bold\":true}'},AttributeModifiers:[{AttributeName:\"generic.armor\",Name:\"generic.armor\",Amount:3,Operation:0,UUID:[I;-1059963639,-1578547405,-1882432959,679694307],Slot:\"head\"},{AttributeName:\"generic.movement_speed\",Name:\"generic.movement_speed\",Amount:0.07,Operation:0,UUID:[I;-1546589625,-1463333575,-1109735395,-1444451146],Slot:\"head\"},{AttributeName:\"generic.attack_damage\",Name:\"generic.attack_damage\",Amount:1.5,Operation:0,UUID:[I;-287236659,-539998254,-1586860169,857546648],Slot:\"head\"}],SkullOwner:{Id:[I;-1259614575,-492027436,-1777219801,-1339633973],Properties:{textures:[{Value:\"eyJ0ZXh0dXJlcyI6eyJTS0lOIjp7InVybCI6Imh0dHA6Ly90ZXh0dXJlcy5taW5lY3JhZnQubmV0L3RleHR1cmUvNDE3ZDkxMDlhYTFiODliYzM4YjkxN2YyMjlkYmYzMWQ2YzMwYzQ4MDk1ZWI4NzQyNmM2OThjYmYxMTM0MjBhOSJ9fX0=\"}]}}}"
      },        
      "title": "Know No Fear",
      "description": "Obtain full power armour to enhance your physical capabilities to super-human levels.",
      "frame": "challenge",
      "show_toast": true,
      "announce_to_chat": true,
      "hidden": false
    },
    "criteria": {
      "requirements": {
        "trigger": "minecraft:inventory_changed",
        "conditions": {
          "items": [
            {
              "items": [
                "minecraft:player_head"
              ],
              "nbt": "{a_triangle.powered:1b}"
            },
            {
              "items": [
                "minecraft:netherite_chestplate"
              ],
              "nbt": "{a_triangle.powered:1b}"
            },
            {
              "items": [
                "minecraft:netherite_leggings"
              ],
              "nbt": "{a_triangle.powered:1b}"
            },
            {
              "items": [
                "minecraft:netherite_boots"
              ],
              "nbt": "{a_triangle.powered:1b}"
            }
          ]
        }
      }
    }
  }