{
    "parent": "a_triangle:new_advancements/end_blade",
    "display": {
      "icon": {
        "item": "minecraft:player_head",
        "nbt": "{display:{Name:'{\"italic\":false,\"text\":\"Superior Dragon Helmet\",\"color\":\"yellow\",\"bold\":true}',Lore:['{\"italic\":false,\"text\":\"Greatly increases your speed, strength and durability.\",\"color\":\"yellow\"}']},AttributeModifiers:[{AttributeName:\"generic.attack_damage\",Name:\"generic.attack_damage\",Amount:1,Operation:0,UUID:[I;-1921500968,-183482438,-2034279714,-821686006],Slot:\"head\"},{AttributeName:\"generic.armor\",Name:\"generic.armor\",Amount:3,Operation:0,UUID:[I;348556911,-1235137671,-1679180768,-1431977192],Slot:\"head\"},{AttributeName:\"generic.movement_speed\",Name:\"generic.movement_speed\",Amount:0.05,Operation:0,UUID:[I;-638884320,1439777221,-1960894222,-1862617053],Slot:\"head\"},{AttributeName:\"generic.armor_toughness\",Name:\"generic.armor_toughness\",Amount:1.5,Operation:0,UUID:[I;954855823,1749500202,-2079684934,-852951746],Slot:\"head\"},{AttributeName:\"generic.max_health\",Name:\"generic.max_health\",Amount:2,Operation:0,UUID:[I;480702871,1381453145,-1367599055,558847428],Slot:\"head\"}],SkullOwner:{Id:[I;2144435567,-1639823476,-1932629842,-1042993428],Properties:{textures:[{Value:\"eyJ0ZXh0dXJlcyI6eyJTS0lOIjp7InVybCI6Imh0dHA6Ly90ZXh0dXJlcy5taW5lY3JhZnQubmV0L3RleHR1cmUvNzU1OGVmYmU2Njk3NjA5OWNmZDYyNzYwZDllMDUxNzBkMmJiOGY1MWU2ODgyOWFiOGEwNTFjNDhjYmM0MTVjYiJ9fX0=\"}]}}}"
      },        
      "title": "Ultimate Power",
      "description": "Obtain full superior dragon armour, the best armour in the game.",
      "frame": "challenge",
      "show_toast": true,
      "announce_to_chat": true,
      "hidden": false
    },
    "criteria": {
      "requirements": {
        "trigger": "minecraft:inventory_changed",
        "conditions": {
          "items": [
            {
              "items": [
                "minecraft:player_head"
              ],
              "nbt": "{a_triangle.superior:1b}"
            },
            {
              "items": [
                "minecraft:leather_chestplate"
              ],
              "nbt": "{a_triangle.superior:1b}"
            },
            {
              "items": [
                "minecraft:leather_leggings"
              ],
              "nbt": "{a_triangle.superior:1b}"
            },
            {
              "items": [
                "minecraft:leather_boots"
              ],
              "nbt": "{a_triangle.superior:1b}"
            },
            {
              "items": [
                "minecraft:shield"
              ],
              "nbt": "{a_triangle.superior:1b}"
            }
          ]
        }
      }
    }
  }