{
    "parent": "a_triangle:new_advancements/drip1",
    "display": {
      "icon": {
        "item": "minecraft:player_head",
        "nbt": "{SkullOwner:{Id:[I;-238284530,1919240605,-1361580584,1798622527],Properties:{textures:[{Value:\"eyJ0ZXh0dXJlcyI6eyJTS0lOIjp7InVybCI6Imh0dHA6Ly90ZXh0dXJlcy5taW5lY3JhZnQubmV0L3RleHR1cmUvYTE0YTZhZmEzNmM5N2M1MzE5ZWFmNTVkZTI0Y2JlN2UwNjc5ZjUwZTJhMTNkY2ZmOWUzZGE0MDg0Mzk3YTBjNiJ9fX0=\"}]}}}"
      },        
      "title": "Maximum Mana",
      "description": "Equip a full set of mana regenerating armour.",
      "frame": "challenge",
      "show_toast": true,
      "announce_to_chat": true,
      "hidden": false
    },
    "criteria": {
      "requirements": {
        "trigger": "minecraft:inventory_changed",
        "conditions": {
          "items": [
            {
              "items": [
                "minecraft:player_head"
              ],
              "nbt": "{a_triangle.mana_boosting:1b}"
            },
            {
              "items": [
                "minecraft:leather_chestplate"
              ],
              "nbt": "{a_triangle.mana_boosting:1b}"
            },
            {
              "items": [
                "minecraft:leather_leggings"
              ],
              "nbt": "{a_triangle.mana_boosting:1b}"
            },
            {
              "items": [
                "minecraft:leather_boots"
              ],
              "nbt": "{a_triangle.mana_boosting:1b}"
            },
            {
              "items": [
                "minecraft:shield"
              ],
              "nbt": "{a_triangle.mana_boosting:1b}"
            }
          ]
        }
      }
    }
  }