{
    "parent": "a_triangle:new_advancements/root",
    "display": {
      "icon": {
        "item": "minecraft:leather_boots",
        "nbt": "{display:{color:16711680},CustomModelData:380000}"
      },        
      "title": "Armour Upgrade",
      "description": "Obtain a ▲Craft armour piece.",
      "frame": "goal",
      "show_toast": true,
      "announce_to_chat": true,
      "hidden": false
    },
    "criteria": {
      "requirements": {
        "trigger": "minecraft:inventory_changed",
        "conditions": {
          "items": [
            {
              "items": [
                "minecraft:leather_helmet",
                "minecraft:leather_chestplate",
                "minecraft:leather_leggings",
                "minecraft:leather_boots",
                "minecraft:shield"
              ],
              "nbt": "{ctc: {from: 'a_triangle:triangle_craft', traits: {'armor': 1b}}}"
            }
          ]
        }
      }
    }
  }