{
    "parent": "a_triangle:new_advancements/drip1",
    "display": {
      "icon": {
        "item": "minecraft:player_head",
        "nbt": "{SkullOwner:\"MHF_Warden\"}"
      },        
      "title": "One Of The Sculk",
      "description": "Obtain full echo armour to sense nearby enemies and see in the dark.",
      "frame": "challenge",
      "show_toast": true,
      "announce_to_chat": true,
      "hidden": false
    },
    "criteria": {
      "requirements": {
        "trigger": "minecraft:inventory_changed",
        "conditions": {
          "items": [
            {
              "items": [
                "minecraft:player_head"
              ],
              "nbt": "{a_triangle.echo:1b}"
            },
            {
              "items": [
                "minecraft:leather_chestplate"
              ],
              "nbt": "{a_triangle.echo:1b}"
            },
            {
              "items": [
                "minecraft:leather_leggings"
              ],
              "nbt": "{a_triangle.echo:1b}"
            },
            {
              "items": [
                "minecraft:leather_boots"
              ],
              "nbt": "{a_triangle.echo:1b}"
            },
            {
              "items": [
                "minecraft:shield"
              ],
              "nbt": "{a_triangle.echo:1b}"
            }
          ]
        }
      }
    }
  }