{
    "parent": "a_triangle:new_advancements/drip1",
    "display": {
      "icon": {
        "item": "minecraft:leather_boots",
        "nbt": "{CustomModelData: 380002}"
      },        
      "title": "Radioactive",
      "description": "Equip a full set of uranium armour.",
      "frame": "challenge",
      "show_toast": true,
      "announce_to_chat": true,
      "hidden": false
    },
    "criteria": {
      "requirements": {
        "trigger": "minecraft:inventory_changed",
        "conditions": {
          "items": [
            {
              "items": [
                "minecraft:leather_helmet"
              ],
              "nbt": "{ctc: {id: 'uranium_helmet', from: 'a_triangle:triangle_craft'}}"
            },
            {
              "items": [
                "minecraft:leather_chestplate"
              ],
              "nbt": "{ctc: {id: 'uranium_chestplate', from: 'a_triangle:triangle_craft'}}"
            },
            {
              "items": [
                "minecraft:leather_leggings"
              ],
              "nbt": "{ctc: {id: 'uranium_leggings', from: 'a_triangle:triangle_craft'}}"
            },
            {
              "items": [
                "minecraft:leather_boots"
              ],
              "nbt": "{ctc: {id: 'uranium_boots', from: 'a_triangle:triangle_craft'}}"
            },
            {
              "items": [
                "minecraft:shield"
              ],
              "nbt": "{ctc: {id: 'uranium_shield', from: 'a_triangle:triangle_craft'}}"
            }
          ]
        }
      }
    }
  }