{
    "parent": "a_triangle:new_advancements/drip1",
    "display": {
      "icon": {
        "item": "minecraft:diamond_boots",
        "nbt": "{display:{Name:'{\"italic\":false,\"text\":\"Hyper-Diamond Boots\",\"color\":\"dark_aqua\",\"bold\":true}',Lore:['{\"italic\":false,\"text\":\"Gives you the powers of every gem.\",\"color\":\"dark_aqua\"}']},AttributeModifiers:[{AttributeName:\"generic.max_health\",Name:\"generic.max_health\",Amount:1,Operation:0,UUID:[I;1234703009,-746438328,-1101768214,-953245044],Slot:\"feet\"},{AttributeName:\"generic.attack_speed\",Name:\"generic.attack_speed\",Amount:0.1,Operation:0,UUID:[I;1626900007,1984973173,-1386653211,-1248192201],Slot:\"feet\"},{AttributeName:\"generic.attack_damage\",Name:\"generic.attack_damage\",Amount:0.5,Operation:0,UUID:[I;-161522978,146556265,-1906868890,19973876],Slot:\"feet\"},{AttributeName:\"generic.movement_speed\",Name:\"generic.movement_speed\",Amount:0.025,Operation:0,UUID:[I;1308603738,200756208,-1433804944,-468945029],Slot:\"feet\"},{AttributeName:\"generic.armor\",Name:\"generic.armor\",Amount:3,Operation:0,UUID:[I;-1118397500,1761692628,-1474949016,1585912220],Slot:\"feet\"},{AttributeName:\"generic.armor_toughness\",Name:\"generic.armor_toughness\",Amount:2,Operation:0,UUID:[I;-16242669,1377193509,-1110442955,479585162],Slot:\"feet\"}]}"
      },        
      "title": "Cover Me With Hyper-Diamonds",
      "description": "Obtain full hyper-diamond armour to get the powers of every gem.",
      "frame": "challenge",
      "show_toast": true,
      "announce_to_chat": true,
      "hidden": false
    },
    "criteria": {
      "requirements": {
        "trigger": "minecraft:inventory_changed",
        "conditions": {
          "items": [
            {
              "items": [
                "minecraft:diamond_helmet"
              ],
              "nbt": "{a_triangle.hyper:1b}"
            },
            {
              "items": [
                "minecraft:diamond_chestplate"
              ],
              "nbt": "{a_triangle.hyper:1b}"
            },
            {
              "items": [
                "minecraft:diamond_leggings"
              ],
              "nbt": "{a_triangle.hyper:1b}"
            },
            {
              "items": [
                "minecraft:diamond_boots"
              ],
              "nbt": "{a_triangle.hyper:1b}"
            },
            {
              "items": [
                "minecraft:shield"
              ],
              "nbt": "{a_triangle.hyper:1b}"
            }
          ]
        }
      }
    }
  }