{
    "display": {
      "icon": {
        "item": "minecraft:diamond_sword",
        "nbt": "{CustomModelData:380000}"  
      },
      "title": "Aspect Of The Dragons",
      "description": "Obtain the end's most powerful blade.",
      "frame": "challenge",
      "show_toast": true,
      "announce_to_chat": true,
      "hidden": false
    },
    "criteria": {
      "requirement": {
          "trigger": "minecraft:inventory_changed",
          "conditions": {
              "items": [
                {
                    "items": [
                      "minecraft:diamond_sword"
                    ],
                    "nbt": "{CustomModelData:380000}"        
                }
              ]
          }
      }
    },
    "parent": "a_triangle:new_advancements/root"
  }