{
    "parent": "a_triangle:new_advancements/root",
    "display": {
      "icon": {
        "item": "minecraft:cookie",
        "nbt": "{CustomModelData:380000}"
      },
      "title": "Five A Day",
      "description": "Eat every new ▲Craft fruit.",
      "frame": "challenge",
      "show_toast": true,
      "announce_to_chat": true,
      "hidden": false
    },
    "criteria": {
        "requirement_1": {
            "trigger": "minecraft:consume_item",
            "conditions": {
              "item": {
                "nbt": "{a_triangle.apricot:1b}"
              }
            }
          },
          "requirement_2": {
            "trigger": "minecraft:consume_item",
            "conditions": {
              "item": {
                "nbt": "{a_triangle.azalea:1b}"
              }
            }
          },
          "requirement_3": {
            "trigger": "minecraft:consume_item",
            "conditions": {
              "item": {
                "nbt": "{a_triangle.banana:1b}"
              }
            }
          },
          "requirement_4": {
            "trigger": "minecraft:consume_item",
            "conditions": {
              "item": {
                "nbt": "{a_triangle.cherry:1b}"
              }
            }
          },
          "requirement_5": {
            "trigger": "minecraft:consume_item",
            "conditions": {
              "item": {
                "nbt": "{a_triangle.grapefruit:1b}"
              }
            }
          },
          "requirement_6": {
            "trigger": "minecraft:consume_item",
            "conditions": {
              "item": {
                "nbt": "{a_triangle.lemon:1b}"
              }
            }
          },
          "requirement_7": {
            "trigger": "minecraft:consume_item",
            "conditions": {
              "item": {
                "nbt": "{a_triangle.mango:1b}"
              }
            }
          },
          "requirement_8": {
            "trigger": "minecraft:consume_item",
            "conditions": {
              "item": {
                "nbt": "{a_triangle.pineapple:1b}"
              }
            }
          },
          "requirement_9": {
            "trigger": "minecraft:consume_item",
            "conditions": {
              "item": {
                "nbt": "{a_triangle.grapes:1b}"
              }
            }
          }
    },
    "requirements": [
      [
        "requirement_1"
      ],
      [
        "requirement_2"
      ],
      [
        "requirement_3"
      ],
      [
        "requirement_4"
      ],
      [
        "requirement_5"
      ],
      [
        "requirement_6"
      ],
      [
        "requirement_7"
      ],
      [
        "requirement_8"
      ],
      [
        "requirement_9"
      ]
    ]
  }