{
    "display": {
      "icon": {
        "item": "minecraft:rabbit_spawn_egg",
        "nbt": "{CustomModelData:380000}"
      },
      "title": "Realm Of Life",
      "description": "Enter the forest, an ancient paradise of nature.",
      "frame": "goal",
      "show_toast": true,
      "announce_to_chat": true,
      "hidden": false
    },
    "criteria": {
      "requirement": {
        "trigger": "minecraft:changed_dimension",
        "conditions": {
          "to": "a_triangle:new_dimensions/tree_dimension"
        }
      }
    },
    "parent": "a_triangle:new_advancements/portal"
  }