{
    "display": {
      "icon": {
        "item": "minecraft:glow_squid_spawn_egg",
        "nbt": "{CustomModelData:380001}"
      },
      "title": "Sub-Zero",
      "description": "Enter the frost, the opposite of the nether.",
      "frame": "goal",
      "show_toast": true,
      "announce_to_chat": true,
      "hidden": false
    },
    "criteria": {
      "requirement": {
        "trigger": "minecraft:changed_dimension",
        "conditions": {
          "to": "a_triangle:new_dimensions/ice_dimension"
        }
      }
    },
    "parent": "a_triangle:new_advancements/portal"
  }