{
    "display": {
      "icon": {
        "item": "minecraft:nether_star"
      },
      "title": "Rainbows And Unicorns",
      "description": "Enter the hallow, a biome in the sky.",
      "frame": "task",
      "show_toast": true,
      "announce_to_chat": true,
      "hidden": false
    },
    "criteria": {
      "requirement": {
        "trigger": "minecraft:location",
        "conditions": {
          "player": [
            {
              "condition": "minecraft:entity_properties",
              "predicate": {
                "location": {
                  "biome": "a_triangle:new_dimensions/the_hallow"
                }
              },
              "entity": "this"
            }
          ]
        }
      }
    },
    "parent": "a_triangle:new_advancements/sky"
  }