{
    "display": {
      "icon": {
        "item": "minecraft:packed_ice"
      },
      "title": "A Frigid Fortress",
      "description": "Locate an ice fort in the ice wastes of the frost.",
      "frame": "task",
      "show_toast": true,
      "announce_to_chat": true,
      "hidden": false
    },
    "criteria": {
      "fortress": {
        "trigger": "minecraft:location",
        "conditions": {
          "player": [
            {
              "condition": "minecraft:entity_properties",
              "predicate": {
                "location": {
                  "structure": "a_triangle:new_dimensions/new_structures/ice_fort"
                }
              },
              "entity": "this"
            }
          ]
        }
      }
    },
    "parent": "a_triangle:new_advancements/ice_wastes"
  }