{
    "display": {
      "icon": {
        "item": "minecraft:snowball"
      },
      "title": "Permanent Snowstorm",
      "description": "Enter the ice wastes of the frost.",
      "frame": "task",
      "show_toast": true,
      "announce_to_chat": true,
      "hidden": false
    },
    "criteria": {
      "requirement": {
        "trigger": "minecraft:location",
        "conditions": {
          "player": [
            {
              "condition": "minecraft:entity_properties",
              "predicate": {
                "location": {
                  "biome": "a_triangle:new_dimensions/barren_plains"
                }
              },
              "entity": "this"
            }
          ]
        }
      }
    },
    "parent": "a_triangle:new_advancements/frost"
  }