{
  "display": {
    "icon": {
      "item": "minecraft:potion",
      "nbt": "{Potion:\"minecraft:luck\",CustomModelData:380002}"
    },
    "title": "Seriously Lucky",
    "description": "Have the luck VIII effect active to maximise your luckiness.",
    "frame": "challenge",
    "show_toast": true,
    "announce_to_chat": true,
    "hidden": false
  },
  "criteria": {
    "requirement": {
      "trigger": "minecraft:effects_changed",
      "conditions": {
        "effects": {
            "minecraft:luck": {
                "amplifier": {
                    "min": 7
                },
                "duration": {
                    "min": 1
                }
            }
        }
      }
    }
  },
  "parent": "a_triangle:new_advancements/luck"
}