{
    "display": {
      "icon": {
        "item": "minecraft:potion",
        "nbt": "{Potion:\"minecraft:luck\"}"
      },
      "title": "Feeling Lucky",
      "description": "Have the luck effect active to boost your luckiness.",
      "frame": "task",
      "show_toast": true,
      "announce_to_chat": true,
      "hidden": false
    },
    "criteria": {
      "requirement": {
        "trigger": "minecraft:effects_changed",
        "conditions": {
          "effects": {
              "minecraft:luck": {
                  "amplifier": {
                      "min": 0
                  },
                  "duration": {
                      "min": 1
                  }
              }
          }
        }
      }
    },
    "parent": "a_triangle:new_advancements/root"
  }