{
    "display": {
      "icon": {
        "item": "minecraft:player_head",
        "nbt": "{SkullOwner:{Id:[I;-238284530,1919240605,-1361580584,1798622527],Properties:{textures:[{Value:\"eyJ0ZXh0dXJlcyI6eyJTS0lOIjp7InVybCI6Imh0dHA6Ly90ZXh0dXJlcy5taW5lY3JhZnQubmV0L3RleHR1cmUvYTE0YTZhZmEzNmM5N2M1MzE5ZWFmNTVkZTI0Y2JlN2UwNjc5ZjUwZTJhMTNkY2ZmOWUzZGE0MDg0Mzk3YTBjNiJ9fX0=\"}]}}}"
      },
      "title": "Necromancy",
      "description": "Defeat the necromancer boss.",
      "frame": "challenge",
      "show_toast": true,
      "announce_to_chat": true,
      "hidden": true
    },
    "criteria": {
      "requirement": {
        "trigger": "minecraft:player_killed_entity",
        "conditions": {
          "entity": {
            "nbt": "{Tags:[\"a_triangle.necromancer\"]}"
          }
        }
      }
    },
    "parent": "a_triangle:new_advancements/root"
  }