{
    "display": {
      "icon": {
        "item": "minecraft:turtle_spawn_egg",
        "nbt": "{CustomModelData:380000}"
      },
      "title": "Lost At Sea",
      "description": "Enter the ocean; go beneath the waves to explore the aquatic depths.",
      "frame": "goal",
      "show_toast": true,
      "announce_to_chat": true,
      "hidden": false
    },
    "criteria": {
      "requirement": {
        "trigger": "minecraft:changed_dimension",
        "conditions": {
          "to": "a_triangle:new_dimensions/ocean_dimension"
        }
      }
    },
    "parent": "a_triangle:new_advancements/portal"
  }