{
    "parent": "a_triangle:new_advancements/root",
    "display": {
      "icon": {
        "item": "minecraft:snowball",
        "nbt": "{CustomModelData:286000}"
      },        
      "title": "New Dimensions",
      "description": "Explore the five new dimensions.",
      "frame": "task",
      "show_toast": false,
      "announce_to_chat": false,
      "hidden": false
    },
    "criteria": {
      "changed_dimensions": {
        "trigger": "minecraft:changed_dimension"
      }
    }
  }