{
    "display": {
      "icon": {
        "item": "minecraft:golden_sword",
        "nbt": "{CustomModelData:380001}"
      },
      "title": "▲Craft",
      "description": "A triangle's datapack.",
      "frame": "task",
      "show_toast": false,
      "announce_to_chat": false,
      "hidden": false,
      "background": "minecraft:textures/block/gold_block.png"
    },
    "criteria": {
      "tick": {
        "trigger": "minecraft:tick"
      }
    },
    "requirements": [
      [
        "tick"
      ]
    ]
}