{
    "display": {
      "icon": {
        "item": "minecraft:vex_spawn_egg",
        "nbt": "{CustomModelData:380000}"
      },
      "title": "The Aether?",
      "description": "Enter the sky, the realm high above the overworld.",
      "frame": "goal",
      "show_toast": true,
      "announce_to_chat": true,
      "hidden": false
    },
    "criteria": {
      "requirement": {
        "trigger": "minecraft:changed_dimension",
        "conditions": {
          "to": "a_triangle:new_dimensions/sky_dimension"
        }
      }
    },
    "parent": "a_triangle:new_advancements/portal"
  }