{
    "display": {
      "icon": {
        "item": "minecraft:stripped_dark_oak_log"
      },
      "title": "Illusioner's Castle",
      "description": "Locate a sky tower in the hallow biome.",
      "frame": "task",
      "show_toast": true,
      "announce_to_chat": true,
      "hidden": false
    },
    "criteria": {
      "fortress": {
        "trigger": "minecraft:location",
        "conditions": {
          "player": [
            {
              "condition": "minecraft:entity_properties",
              "predicate": {
                "location": {
                  "structure": "a_triangle:new_dimensions/new_structures/sky_tower"
                }
              },
              "entity": "this"
            }
          ]
        }
      }
    },
    "parent": "a_triangle:new_advancements/hallow"
  }