{
    "display": {
      "icon": {
        "item": "minecraft:mossy_stone_bricks"
      },
      "title": "Ancient Ruins",
      "description": "Locate a stone fortress in the forest dimension.",
      "frame": "task",
      "show_toast": true,
      "announce_to_chat": true,
      "hidden": false
    },
    "criteria": {
      "fortress": {
        "trigger": "minecraft:location",
        "conditions": {
          "player": [
            {
              "condition": "minecraft:entity_properties",
              "predicate": {
                "location": {
                  "structure": "a_triangle:new_dimensions/new_structures/stone_fortress"
                }
              },
              "entity": "this"
            }
          ]
        }
      }
    },
    "parent": "a_triangle:new_advancements/forest"
  }