{
    "display": {
      "icon": {
        "item": "minecraft:potion",
        "nbt": "{Potion:\"minecraft:empty\",CustomPotionColor:255,CustomModelData:380002}"
      },
      "title": "Super Powered",
      "description": "Drink a super mana potion.",
      "frame": "challenge",
      "show_toast": true,
      "announce_to_chat": true,
      "hidden": false
    },
    "criteria": {
      "requirement": {
        "trigger": "minecraft:consume_item",
        "conditions": {
            "item": 
            {
                "items": ["minecraft:potion"],
                "nbt": "{a_triangle.super_mana_potion:1b}"
            }
        }
      }
    },
    "parent": "a_triangle:new_advancements/root"
  }