{
    "type": "a_triangle:new_dimensions/caverns",
    "generator": {
      "biome_source": {
        "biomes": [
          {
            "parameters": {
              "erosion": 0.0,
              "depth": [
                -1.0,
                1.0
              ],
              "weirdness": 0.0,
              "offset": 0.0,
              "temperature": 0.0,
              "humidity": -0.5,
              "continentalness": 0.0
            },
            "biome": "minecraft:dripstone_caves"
          },
          {
            "parameters": {
              "erosion": 0.0,
              "depth": [
                -1.0,
                1.0
              ],
              "weirdness": 0.0,
              "offset": 0.0,
              "temperature": 0.0,
              "humidity": 0.5,
              "continentalness": 0.0
            },
            "biome": "minecraft:lush_caves"
          },
          {
            "parameters": {
              "erosion": 0.0,
              "depth": [
                -1.0,
                1.0
              ],
              "weirdness": 0.0,
              "offset": 0.0,
              "temperature": 0.0,
              "humidity": -0.8,
              "continentalness": 0.0
            },
            "biome": "minecraft:deep_dark"
          }
        ],
        "type": "minecraft:multi_noise"
      },
      "settings": "a_triangle:new_dimensions/cavern_noise",
      "type": "minecraft:noise"
    }
  }