{
    "type": "minecraft:overworld",
    "generator": {
      "biome_source": {
        "biomes": [
          {
            "parameters": {
              "erosion": 0.0,
              "depth": 0.0,
              "weirdness": 0.0,
              "offset": 0.0,
              "temperature": 0.0,
              "humidity": 0.0,
              "continentalness": 1.0
            },
            "biome": "minecraft:snowy_slopes"
          },
          {
            "parameters": {
              "erosion": 0.0,
              "depth": 0.0,
              "weirdness": 0.0,
              "offset": 0.0,
              "temperature": -1.0,
              "humidity": 0.0,
              "continentalness": 0.0
            },
            "biome": "minecraft:ice_spikes"
          },
          {
            "parameters": {
              "erosion": 1.0,
              "depth": 0.0,
              "weirdness": 0.0,
              "offset": 0.0,
              "temperature": 0.0,
              "humidity": 0.0,
              "continentalness": 0.0
            },
            "biome": "a_triangle:new_dimensions/barren_plains"
          }
        ],
        "type": "minecraft:multi_noise"
      },
      "settings": "a_triangle:new_dimensions/icy_noise",
      "type": "minecraft:noise"
    }
  }