{
    "type": "minecraft:overworld",
    "generator": {
      "biome_source": {
        "biomes": [
          {
            "parameters": {
              "erosion": 0.0,
              "depth": 0.0,
              "weirdness": 0.0,
              "offset": 0.0,
              "temperature": 0.0,
              "humidity": 0.0,
              "continentalness": 0.0
            },
            "biome": "minecraft:ocean"
          },
          {
            "parameters": {
              "erosion": 0.0,
              "depth": 0.0,
              "weirdness": 0.0,
              "offset": 0.0,
              "temperature": 0.6,
              "humidity": 0.0,
              "continentalness": 0.0
            },
            "biome": "minecraft:warm_ocean"
          },
          {
            "parameters": {
              "erosion": 0.0,
              "depth": 0.0,
              "weirdness": 0.0,
              "offset": 0.0,
              "temperature": 0.3,
              "humidity": 0.0,
              "continentalness": 0.0
            },
            "biome": "minecraft:lukewarm_ocean"
          },
          {
            "parameters": {
              "erosion": 0.0,
              "depth": 0.0,
              "weirdness": 0.0,
              "offset": 0.0,
              "temperature": -0.3,
              "humidity": 0.0,
              "continentalness": 0.0
            },
            "biome": "minecraft:cold_ocean"
          },
          {
            "parameters": {
              "erosion": 0.0,
              "depth": 0.0,
              "weirdness": 0.0,
              "offset": 0.0,
              "temperature": -0.6,
              "humidity": 0.0,
              "continentalness": 0.0
            },
            "biome": "minecraft:frozen_ocean"
          }
        ],
        "type": "minecraft:multi_noise"
      },
      "settings": "a_triangle:new_dimensions/ocean_noise",
      "type": "minecraft:noise"
    }
  }