{
    "type": "a_triangle:new_dimensions/sky",
    "generator": {
      "biome_source": {
        "type": "minecraft:multi_noise",
        "biomes": [
            {
                "biome": "minecraft:flower_forest",
                "parameters": {
                    "continentalness": 0,
                    "depth": 0,
                    "erosion": 0,
                    "humidity": -1,
                    "offset": 0,
                    "temperature": 1,
                    "weirdness": 0
                }
            },
            {
                "biome": "minecraft:meadow",
                "parameters": {
                    "continentalness": 0,
                    "depth": 0,
                    "erosion": 0,
                    "humidity": -1,
                    "offset": 0,
                    "temperature": -1,
                    "weirdness": 0
                }
            },
            {
                "biome": "a_triangle:new_dimensions/the_hallow",
                "parameters": {
                    "continentalness": 0,
                    "depth": 0,
                    "erosion": 0,
                    "humidity": 1,
                    "offset": 0,
                    "temperature": 0,
                    "weirdness": 0
                }
            }
        ]
    },
      "settings": "a_triangle:new_dimensions/sky_noise",
      "type": "minecraft:noise"
    }
  }