{
    "type": "minecraft:overworld",
    "generator": {
      "biome_source": {
        "biomes": [
          {
            "parameters": {
              "erosion": 0.0,
              "depth": 0.0,
              "weirdness": -1.0,
              "offset": 0.0,
              "temperature": 0.0,
              "humidity": 0.0,
              "continentalness": 0.0
            },
            "biome": "a_triangle:new_dimensions/giant_jungle"
          },
          {
            "parameters": {
              "erosion": 0.0,
              "depth": 0.0,
              "weirdness": 0.0,
              "offset": 0.0,
              "temperature": 0.0,
              "humidity": 1.0,
              "continentalness": 0.0
            },
            "biome": "a_triangle:new_dimensions/giant_swamp"
          },
          {
            "parameters": {
              "erosion": 0.0,
              "depth": 0.0,
              "weirdness": 0.0,
              "offset": 0.0,
              "temperature": 0.0,
              "humidity": -1.0,
              "continentalness": 0.0
            },
            "biome": "a_triangle:new_dimensions/giant_forest"
          },
          {
            "parameters": {
              "erosion": 0.0,
              "depth": 0.0,
              "weirdness": 1.0,
              "offset": 0.0,
              "temperature": 0.0,
              "humidity": 0.0,
              "continentalness": 0.0
            },
            "biome": "a_triangle:new_dimensions/giant_mushroom"
          },
          {
            "parameters": {
              "erosion": 0.0,
              "depth": 1.0,
              "weirdness": 0.0,
              "offset": 0.0,
              "temperature": 0.0,
              "humidity": 0.0,
              "continentalness": 0.0
            },
            "biome": "minecraft:lush_caves"
          }
        ],
        "type": "minecraft:multi_noise"
      },
      "settings": "a_triangle:new_dimensions/forest_noise",
      "type": "minecraft:noise"
    }
  }